subject,Q2.2_1,Q2.2_2,Q2.2_3,Q2.3_1,Q2.3_2,Q2.3_3,Q2.4_1,Q2.4_2,Q2.4_3,Q2.5_1,Q2.5_2,Q2.5_3,Q2.6_1,Q2.6_2,Q2.6_3,Q2.7_1,Q2.7_2,Q2.7_3,Q2.8_1,Q2.8_2,Q2.8_3,Q2.9_1,Q2.9_2,Q2.9_3,Q2.10_1,Q2.10_2,Q2.10_3,Q2.11_1,Q2.11_2,Q2.11_3,Q2.12_1,Q2.12_2,Q2.12_3,Q2.13_1,Q2.13_2,Q2.13_3,Q2.14_1,Q2.14_2,Q2.14_3,Q2.15_1,Q2.15_2,Q2.15_3,Q2.16_1,Q2.16_2,Q2.16_3,Q2.17_1,Q2.17_2,Q2.17_3,Q2.18_1,Q2.18_2,Q2.18_3,Q2.19_1,Q2.19_2,Q2.19_3,Q2.20_1,Q2.20_2,Q2.20_3,Q2.21_1,Q2.21_2,Q2.21_3,Q3.1,Q3.2,Q3.3_1,Q3.3_2,Q3.3_3,Q3.4_1,Q3.4_2,Q3.4_3,Q3.5_1,Q3.5_2,Q3.5_3,Q3.6_1,Q3.6_2,Q3.6_3,Q3.7_1,Q3.7_2,Q3.7_3,Q3.8_1,Q3.8_2,Q3.8_3,Q3.9_1,Q3.9_2,Q3.9_3,Q3.10_1,Q3.10_2,Q3.10_3,Q3.11_1,Q3.11_2,Q3.11_3,Q3.12_1,Q3.12_2,Q3.12_3,Q3.13_1,Q3.13_2,Q3.13_3,Q3.14_1,Q3.14_2,Q3.14_3,Q3.15_1,Q3.15_2,Q3.15_3,Q3.16_1,Q3.16_2,Q3.16_3,Q3.17_1,Q3.17_2,Q3.17_3,Q3.18_1,Q3.18_2,Q3.18_3,Q3.19_1,Q3.19_2,Q3.19_3,Q3.20_1,Q3.20_2,Q3.20_3,Q3.21_1,Q3.21_2,Q3.21_3,Q3.22_1,Q3.22_2,Q3.22_3,id
1,6,6,6,6,3,3,6,5,6,6,6,6,6,6,6,6,6,6,6,6,6,6,6,6,6,6,6,6,6,3,6,6,6,6,6,3,6,6,3,6,6,3,6,6,3,3,6,6,3,6,6,3,6,6,3,6,3,6,6,3,1,AP,6,6,6,4,4,4,6,6,6,6,6,6,6,4,4,6,6,6,6,6,6,6,6,6,6,6,6,6,6,6,6,6,6,6,6,6,6,6,6,6,6,6,6,6,6,3,3,3,3,3,3,3,3,3,3,3,3,6,6,6,44783
2,2,2,2,2,2,2,2,2,2,2,1,2,5,5,5,6,6,6,6,6,6,6,6,6,6,6,6,3,3,3,4,4,4,4,4,4,6,6,6,5,5,5,4,4,4,2,2,2,2,2,2,3,3,3,5,5,5,2,2,2,1,JL,2,2,2,2,2,2,3,3,3,2,2,2,2,2,2,5,5,5,6,6,6,6,6,6,5,5,5,2,2,2,3,3,3,3,3,3,6,6,6,5,5,5,3,3,3,2,1,2,2,2,2,3,3,3,5,5,5,2,1,2,43726
3,5,5,6,5,4,4,6,6,6,5,6,6,6,6,6,6,5,6,6,6,6,6,6,6,5,5,6,5,4,5,6,6,6,6,6,6,5,5,6,5,6,6,5,5,6,5,5,5,5,5,5,6,6,6,6,6,6,5,5,6,1,AK,5,5,6,5,5,5,5,5,6,5,5,6,6,6,6,6,6,6,6,6,6,6,6,6,5,5,5,6,5,5,6,6,6,5,5,6,6,6,6,6,6,6,5,5,5,5,5,5,6,6,6,6,6,6,6,6,6,6,6,6,44733
4,5,3,2,4,3,3,5,4,4,5,4,4,5,5,5,5,5,5,6,6,6,6,6,6,5,5,5,4,3,3,4,4,4,5,5,5,5,5,5,5,5,4,5,4,4,2,1,1,2,2,1,3,3,2,5,4,4,3,3,2,1,L,3,3,3,3,3,3,3,3,3,4,3,3,4,4,4,4,4,4,6,6,6,6,6,6,5,5,5,4,4,4,5,5,5,4,4,4,0,,,,,,3,3,3,,,,1,1,1,2,2,2,4,4,4,3,3,3,44548
5,1,1,1,3,5,3,5,5,5,2,2,2,6,6,6,6,6,6,6,6,6,6,6,6,6,6,6,5,5,5,5,5,5,4,5,5,6,6,6,6,6,6,5,5,5,4,4,4,4,4,4,5,5,5,6,6,6,4,3,3,1,AW,4,3,3,5,5,5,5,5,5,2,2,2,5,5,5,6,6,6,6,6,6,6,6,6,6,6,6,6,6,6,6,6,6,6,6,6,6,6,6,6,6,6,6,6,6,6,6,6,6,6,6,6,6,6,6,6,6,6,6,6,44053
6,3,3,2,2,1,1,3,2,1,2,3,3,4,3,3,5,4,4,6,6,6,6,6,6,5,5,5,4,3,2,3,2,2,2,2,2,5,5,5,5,5,4,4,3,3,2,1,1,3,2,2,4,4,3,5,5,4,3,3,2,1,RJM,3,3,2,2,2,1,2,1,1,2,2,2,4,4,4,5,5,5,6,6,6,6,6,6,5,4,3,5,4,3,4,4,4,4,4,4,5,5,5,5,5,5,5,5,5,2,2,2,3,3,3,4,4,4,5,5,5,4,4,3,44564
7,5,2,1,3,2,1,3,1,1,4,2,1,5,3,2,5,2,2,6,6,5,6,6,6,5,5,4,3,2,2,2,1,1,2,1,1,5,4,4,4,3,3,2,1,1,3,2,2,3,2,2,5,4,3,5,4,3,5,3,2,1,AP,6,6,3,4,4,4,4,3,3,3,2,2,6,6,4,6,5,5,6,6,6,6,6,5,4,3,1,3,2,1,4,3,2,5,4,4,5,5,4,5,5,3,4,3,3,4,2,1,4,3,3,5,5,3,6,5,5,5,4,2,44584
8,4,4,4,6,6,5,6,6,6,4,6,6,6,6,6,6,6,6,6,6,6,6,6,6,6,6,6,6,6,6,6,6,6,6,6,6,6,6,6,6,6,6,6,6,6,6,6,6,6,6,6,6,6,6,6,6,6,6,6,6,1,EH,5,6,6,6,6,6,4,6,6,5,6,6,6,6,6,6,6,6,6,6,6,6,6,6,6,6,6,6,6,6,6,6,6,6,6,6,6,6,6,6,6,6,6,6,6,4,6,6,5,6,6,6,6,6,6,6,6,6,6,6,44617
9,5,4,4,4,4,4,3,4,4,2,4,3,4,4,4,6,6,6,6,6,6,6,6,6,5,5,6,4,4,4,3,4,4,4,5,6,6,6,6,5,5,6,6,5,5,2,3,3,6,6,6,6,6,6,6,6,6,5,5,6,1,AT,4,5,4,5,5,5,4,4,4,4,4,4,6,6,5,6,6,6,6,6,6,6,6,6,6,6,6,5,5,4,5,4,5,6,6,6,6,6,6,6,6,6,5,5,5,3,4,4,5,5,6,6,6,6,6,6,6,5,5,6,44834
10,2,4,5,2,3,3,5,6,6,4,2,2,6,6,6,6,6,6,6,6,6,6,6,6,6,6,5,3,3,3,5,6,6,5,5,4,6,6,6,6,6,6,5,5,6,2,3,1,4,4,5,6,6,6,6,6,6,5,6,6,1,SMG,2,2,3,4,4,5,2,4,4,1,3,3,5,5,6,6,6,6,6,6,6,6,6,6,4,5,5,2,2,4,6,6,6,6,4,6,6,6,6,6,6,6,5,6,6,2,4,6,6,6,6,6,6,6,6,6,6,6,5,6,44529
11,5,3,4,6,5,6,2,1,2,1,1,1,6,5,6,4,3,4,6,6,6,6,6,6,4,3,4,1,1,0,4,3,3,3,3,3,6,6,6,4,4,5,4,3,4,3,2,3,4,3,4,5,4,5,6,6,6,4,4,4,1,KJ,4,3,3,5,4,4,2,1,1,1,1,1,5,5,5,4,3,3,6,6,6,6,6,6,2,2,2,1,1,1,5,5,5,3,3,3,6,6,6,6,6,6,6,6,6,2,2,2,3,3,3,5,5,5,6,6,6,3,3,3,43806
12,4,5,4,4,5,4,6,5,3,5,2,4,6,6,6,6,6,6,6,6,6,6,6,6,6,6,4,5,3,4,6,6,6,6,6,6,6,6,6,5,5,6,6,5,5,6,6,6,6,6,6,6,6,6,6,6,6,5,5,5,1,ER,6,6,5,6,6,5,3,4,5,6,6,2,6,6,6,6,6,6,6,6,6,6,6,6,6,6,4,6,6,2,6,6,5,6,6,6,6,6,6,5,6,5,6,6,4,6,6,6,6,6,6,6,6,6,6,6,6,6,6,4,44808
13,2,2,1,2,2,3,2,2,1,1,1,0,4,3,2,6,5,4,6,6,6,6,6,6,5,5,5,2,2,2,2,2,1,2,3,1,5,4,4,5,4,5,1,1,0,1,1,0,3,3,1,5,4,3,6,6,5,3,1,2,1,MK,3,5,5,5,5,5,2,2,1,1,1,0,5,5,3,6,5,4,6,6,6,5,6,5,5,5,6,3,3,4,4,4,1,3,3,3,5,5,4,5,5,5,2,2,1,2,2,0,4,4,2,6,6,4,6,6,5,4,4,3,44472
14,3,2,1,2,1,0,3,2,1,2,1,0,4,3,4,5,5,5,6,6,6,6,6,6,6,3,2,5,3,1,5,4,4,6,4,6,6,5,6,6,5,4,5,3,2,3,2,1,4,3,5,6,5,6,6,6,6,5,3,4,1,HB,4,3,2,3,2,1,3,1,1,3,1,1,4,4,4,5,4,4,6,6,6,6,6,6,5,4,3,3,1,1,4,2,1,5,5,5,6,6,6,5,6,5,5,3,2,3,2,2,4,3,5,5,4,6,6,6,6,4,3,3,44556
15,4,6,2,3,1,0,5,4,4,4,6,6,6,4,5,6,5,5,6,4,5,5,5,5,6,6,5,5,6,2,5,3,4,4,4,4,6,5,4,5,6,5,5,3,4,4,4,5,5,5,6,6,4,5,6,3,6,6,4,3,1,LS,4,5,3,3,3,2,5,5,3,3,5,3,5,4,5,6,5,5,6,6,2,5,5,3,5,6,1,5,6,2,5,3,4,5,5,4,6,4,5,5,6,4,5,6,4,4,4,5,5,5,5,6,4,6,6,5,6,6,5,4,44196
16,4,4,2,3,3,1,2,1,1,4,4,2,4,4,2,4,4,3,6,6,6,6,6,6,4,4,2,5,4,3,5,5,3,4,3,2,5,5,5,2,2,2,4,3,2,4,2,1,4,2,1,5,3,2,6,4,2,4,3,2,1,GG,4,4,3,4,4,2,3,3,1,3,3,1,4,4,3,4,4,4,6,6,6,6,6,6,5,3,1,4,4,1,3,3,1,4,4,1,6,6,5,3,2,1,6,4,1,3,2,1,3,2,1,4,4,2,4,4,2,6,5,2,44565
17,3,3,3,4,4,4,3,3,3,3,3,3,3,3,3,6,6,6,6,6,6,6,6,6,5,5,5,4,4,4,5,5,5,5,5,5,6,4,6,6,4,6,5,5,5,,1,1,2,2,2,4,4,4,5,5,5,5,4,4,1,L.L,2,2,2,3,3,3,2,2,2,1,2,1,2,2,2,5,5,5,6,6,6,6,6,6,2,2,2,2,2,2,5,5,5,5,5,5,6,6,6,5,5,5,5,5,5,,,,2,2,2,5,5,5,5,5,5,4,4,4,44630
18,2,1,2,2,1,2,2,2,2,2,2,2,3,3,3,5,5,5,6,6,6,6,6,6,6,6,6,3,3,3,3,3,2,3,3,3,6,6,6,5,5,5,3,2,3,2,1,2,2,2,2,3,3,3,5,5,5,2,1,2,1,JL,2,2,2,2,1,2,2,2,2,2,2,2,3,3,3,5,5,5,6,6,6,6,6,6,6,6,6,4,4,4,3,3,3,3,3,3,6,6,6,5,5,5,3,3,3,2,1,2,2,2,2,3,3,3,5,5,5,2,2,2,43726
19,3,2,1,3,2,1,3,2,1,3,2,1,3,3,2,4,4,3,6,6,6,6,6,6,6,5,3,4,2,2,2,1,1,2,2,1,6,5,4,4,3,3,3,3,2,2,1,1,3,2,2,5,3,3,6,5,5,4,3,3,1,AP,4,3,2,2,1,1,4,3,3,1,1,1,5,5,4,5,5,4,6,6,6,6,6,6,5,5,5,4,3,2,5,3,2,5,4,4,6,6,6,5,5,4,4,4,3,3,3,3,4,4,4,6,6,6,6,6,6,4,4,4,44584
20,4,3,4,4,3,3,4,4,4,3,3,3,4,4,4,5,5,5,6,6,6,5,5,5,3,3,3,3,3,3,5,4,5,4,4,5,5,5,4,4,4,4,5,5,5,3,3,3,3,3,3,4,4,4,5,5,5,4,4,4,1,CC,3,4,4,4,4,4,3,3,3,3,3,3,4,4,4,4,4,4,6,6,6,5,5,5,3,3,3,3,2,2,4,4,4,4,4,5,5,5,5,5,5,5,5,5,5,2,2,2,2,2,3,3,4,4,5,5,6,5,5,6,43578
21,3,3,0,3,2,0,3,3,3,2,2,2,4,3,3,4,4,4,6,5,6,6,5,6,6,5,5,4,4,4,4,4,4,4,4,4,6,5,4,5,5,5,3,4,4,4,4,4,4,4,4,5,5,5,5,5,5,3,3,3,1,Amanda Ross ,3,6,3,4,6,4,5,6,4,3,6,3,2,4,2,4,4,5,6,4,6,6,6,5,6,6,5,5,3,3,5,5,3,4,4,3,6,6,5,4,5,6,4,4,5,3,3,4,4,4,4,5,6,6,5,5,6,5,6,6,43671
22,4,4,5,3,3,4,5,4,4,4,5,5,5,5,5,6,4,5,6,5,5,6,5,5,6,5,5,5,5,4,5,4,5,5,5,3,6,4,5,5,4,5,4,3,4,5,4,5,5,4,5,6,5,5,6,4,5,5,3,5,1,LS,4,5,3,4,2,1,4,4,2,3,5,4,5,4,5,6,5,4,6,4,4,6,5,5,4,6,5,5,6,5,5,6,5,5,5,5,6,4,5,5,6,4,5,5,4,5,4,5,5,5,5,6,5,5,6,5,6,5,6,5,44196
23,4,4,3,3,3,1,5,5,3,3,3,1,6,5,4,5,4,3,6,6,6,6,6,6,5,4,3,3,2,1,5,3,3,5,3,3,6,4,4,5,4,4,4,3,2,2,2,1,3,3,1,5,3,2,5,4,3,4,2,1,1,YT,2,5,2,1,3,1,2,3,1,1,3,1,3,3,1,3,3,2,6,6,5,6,5,5,2,3,2,1,3,1,2,3,2,2,3,1,5,4,2,5,4,3,2,3,2,0,2,0,1,2,1,2,3,2,4,3,2,2,3,1,44625
24,3,4,3,2,1,1,3,4,4,2,3,2,4,3,4,3,4,4,6,5,6,6,6,5,3,5,4,3,2,2,4,3,4,5,4,5,5,5,5,5,3,4,3,3,4,1,1,1,3,2,2,4,4,3,5,6,6,4,4,5,1,RY,3,2,2,3,2,2,3,3,2,3,2,2,5,4,4,4,4,3,5,4,5,5,4,5,3,2,3,3,2,2,4,3,3,5,4,5,4,4,5,6,5,4,4,3,3,3,1,1,4,2,2,5,4,4,6,5,6,4,4,4,43970
25,5,4,4,5,5,5,6,5,4,4,4,4,6,5,4,6,5,4,6,6,5,6,6,5,6,6,6,6,5,4,6,6,6,5,5,5,6,5,5,5,5,5,5,5,5,5,5,5,5,5,5,6,6,6,6,6,6,5,5,4,1,MJ,5,5,5,6,5,5,5,5,5,4,4,4,5,5,5,5,5,5,6,6,6,6,6,6,6,5,5,5,5,5,6,6,6,5,5,5,6,6,6,6,6,6,6,5,5,4,4,4,5,5,5,6,6,6,6,6,6,5,5,5,45011
26,4,2,1,3,1,,2,1,1,2,,,4,3,3,5,4,4,6,6,6,6,6,6,6,6,6,4,2,2,5,5,5,5,4,4,6,6,6,5,5,5,4,4,4,1,,,2,1,,3,4,4,5,5,5,4,3,2,1,LG,5,5,3,3,4,3,3,3,3,3,3,3,5,5,4,6,5,6,6,6,6,6,6,6,6,6,5,4,2,1,5,5,5,5,5,5,6,6,6,5,5,5,6,5,5,2,1,,2,2,2,5,5,5,6,6,6,4,4,4,44078
27,3,3,,4,5,0,5,2,1,4,4,1,6,5,3,4,4,4,6,5,4,6,5,4,6,5,1,4,4,4,5,2,3,5,1,1,5,5,5,4,4,3,3,2,1,4,3,2,5,3,2,6,6,6,6,6,6,6,6,6,1,VB,4,6,4,4,6,1,2,4,,6,6,,0,1,,6,6,,1,3,5,4,5,4,6,6,,4,6,0,6,4,2,6,4,3,6,3,6,5,3,2,5,2,2,3,2,1,5,5,5,5,5,5,6,6,6,6,4,3,45007
28,3,4,4,3,4,4,2,4,1,2,4,3,5,6,5,6,6,6,6,6,6,5,6,1,6,6,6,5,2,4,5,6,1,5,6,6,6,5,5,6,6,6,4,3,1,0,0,0,2,2,1,4,4,3,5,6,6,6,6,6,1,MC,2,3,3,2,2,2,1,1,1,1,1,1,5,5,5,6,6,6,6,6,6,6,6,3,5,5,5,3,1,1,4,4,4,4,4,5,5,5,5,5,5,5,3,3,1,0,0,0,2,2,4,4,4,6,5,5,6,5,5,6,44612
29,4,4,4,4,4,4,3,4,4,3,4,4,5,5,5,5,5,5,6,6,6,6,6,6,5,5,5,4,4,4,6,6,6,5,5,5,6,6,6,5,5,5,5,5,5,3,4,4,3,4,4,5,5,5,6,6,6,4,5,5,1,Jocelyn Jordan,4,5,5,4,4,4,4,4,4,4,4,4,5,5,5,6,6,6,6,6,6,6,6,6,5,5,5,4,4,4,6,6,6,5,6,6,6,6,6,6,6,6,5,6,6,4,4,4,4,4,4,5,5,5,6,6,6,4,4,4,43874
30,3,4,1,3,2,1,3,4,2,3,3,1,4,5,3,5,4,3,6,5,3,6,5,5,5,5,4,4,3,1,3,3,2,3,2,2,5,4,2,5,5,4,4,5,3,2,1,0,3,3,2,4,4,4,5,5,5,4,4,3,1,S.D.,3,3,2,2,1,1,3,3,4,4,4,3,5,4,3,5,5,4,6,6,6,6,6,6,6,5,2,4,3,2,5,5,3,5,4,3,6,5,5,4,4,4,4,5,4,1,1,1,3,3,3,4,4,5,6,5,6,4,4,3,43848
31,2,5,3,5,3,4,6,5,3,5,5,3,6,6,5,6,5,3,6,6,4,6,5,6,6,6,5,3,4,1,4,3,3,5,4,5,6,5,5,3,5,4,1,0,0,2,2,1,3,3,4,6,5,6,6,6,6,4,5,2,1,JP,2,5,6,4,5,3,2,3,2,5,6,6,6,6,6,5,6,6,6,6,6,6,6,5,6,6,1,2,5,2,6,6,6,5,5,6,6,6,5,5,6,6,6,6,6,4,5,3,5,6,5,6,6,6,6,6,6,2,5,6,44590
32,3,5,4,2,2,2,4,3,3,2,2,2,5,5,5,5,4,5,6,5,6,6,6,6,5,3,3,2,1,1,4,3,4,5,3,4,6,5,5,4,3,4,5,5,4,2,3,1,3,2,2,4,3,2,5,4,4,3,2,1,1,MA,4,5,3,3,5,2,4,3,2,3,3,2,5,6,5,6,4,3,6,6,5,6,6,6,4,3,5,2,1,1,4,4,2,5,4,3,6,5,6,5,5,6,4,4,3,2,3,3,3,4,4,4,5,6,5,6,6,3,3,3,44728
33,4,5,3,2,2,2,5,5,3,4,4,4,5,5,5,5,5,5,6,6,6,6,6,6,5,5,5,3,3,3,5,5,5,5,5,,6,6,6,6,6,6,2,2,2,4,4,4,5,5,5,6,6,6,6,6,6,5,5,5,1,CK,3,3,3,2,2,2,2,2,2,2,2,2,6,6,6,4,4,4,6,6,6,6,6,6,3,3,3,2,2,2,5,5,5,5,5,5,6,6,6,6,6,6,6,6,6,6,6,6,6,6,6,6,6,6,6,6,6,6,6,6,43813
34,4,5,5,4,5,5,5,5,5,4,5,5,6,6,6,6,6,6,6,6,6,6,6,6,6,6,6,6,6,6,6,6,6,6,6,6,6,6,6,5,5,5,5,5,5,4,4,4,5,5,5,6,6,6,6,6,6,6,6,6,1,AW,2,3,3,3,3,3,3,3,3,2,2,2,5,5,5,6,6,6,6,6,6,6,6,6,6,6,6,6,6,6,5,5,5,6,6,6,6,6,6,5,5,5,5,5,5,2,2,2,4,4,4,6,6,6,6,6,6,6,6,6,44798
35,3,2,3,3,3,2,4,4,4,4,4,4,5,5,5,5,4,5,6,5,5,6,5,5,5,5,5,4,4,4,5,5,4,6,5,5,6,5,5,6,6,4,5,5,4,2,3,3,3,4,4,5,4,5,6,5,6,5,5,3,1,MPZ,5,5,3,5,6,2,4,4,2,5,5,2,5,5,5,5,5,2,6,5,4,6,5,4,5,5,5,4,4,3,5,5,3,5,5,4,6,5,4,6,6,3,4,5,3,3,2,3,4,4,4,5,5,4,6,5,4,5,5,4,44784
36,2,3,3,1,3,3,3,3,3,2,5,5,5,6,6,5,2,2,6,5,5,6,6,6,4,4,5,3,4,4,3,4,4,3,5,5,5,5,5,4,3,4,3,3,3,1,3,3,1,2,2,3,3,3,5,4,4,2,3,3,1,AP,2,3,3,2,2,2,3,3,3,2,2,2,3,2,2,3,3,3,6,6,6,6,6,6,5,5,5,2,2,3,3,3,4,2,2,3,4,3,4,2,3,3,2,3,3,1,1,1,2,2,2,2,2,2,4,4,4,3,3,3,44068
37,5,5,5,3,3,1,4,2,1,2,1,0,5,4,4,5,2,1,6,5,3,6,3,1,5,4,2,4,2,0,3,1,1,4,3,4,6,6,4,4,3,0,6,6,4,6,5,4,6,4,5,6,3,3,6,3,3,5,3,2,1,KA,3,4,4,4,5,5,2,2,1,3,2,1,5,5,3,5,5,5,6,5,6,6,6,6,3,4,3,3,1,1,5,6,5,5,5,5,5,5,4,4,5,4,5,4,3,4,5,5,6,5,6,6,4,6,6,4,6,4,4,4,44761
38,5,5,5,5,6,3,5,6,6,4,5,1,6,6,6,6,6,5,6,6,6,6,6,6,6,6,6,5,6,1,4,5,2,4,2,,5,6,6,6,6,6,,4,2,5,6,5,5,6,5,6,6,6,6,5,6,6,6,6,1,FM,5,6,6,6,6,6,6,6,6,5,6,6,6,6,6,6,6,6,6,6,6,3,6,6,6,6,6,4,6,0,6,6,0,6,6,6,5,6,6,6,6,6,6,6,6,5,6,2,5,6,3,6,6,6,6,6,6,6,6,6,44491
39,4,4,4,6,6,6,5,5,5,5,5,5,6,6,6,6,6,6,6,6,6,6,6,6,6,6,6,6,6,6,6,6,6,6,6,6,6,6,6,6,6,6,6,6,6,5,5,5,6,6,6,6,6,6,6,6,6,6,6,6,1,LJL,6,6,6,6,6,6,5,4,4,4,4,4,6,6,6,6,6,6,6,6,6,6,6,6,6,6,6,5,5,5,6,6,6,5,5,5,6,6,6,6,6,6,6,6,6,4,4,4,4,4,4,6,6,6,6,6,6,6,6,6,44544
40,5,5,0,4,4,1,5,2,1,5,4,1,6,2,2,5,2,2,6,2,6,6,3,6,6,0,3,4,1,1,5,1,1,4,1,1,6,3,4,5,2,4,4,0,3,2,0,3,3,0,3,3,0,3,5,1,4,5,2,3,1,CK,4,5,3,4,5,1,5,6,1,3,4,2,6,6,5,6,6,6,6,6,6,6,6,6,6,6,6,5,4,3,5,5,2,5,5,2,5,6,4,6,6,3,6,6,3,4,4,1,5,5,2,6,5,3,6,6,6,5,6,5,44559
41,3,3,2,4,2,1,5,3,3,4,3,2,6,6,5,6,6,5,6,6,6,6,6,6,6,6,5,5,3,2,4,5,3,3,2,2,6,6,5,6,6,5,6,5,5,2,2,2,3,3,3,5,5,5,6,6,6,5,4,3,1,JT,3,2,2,4,3,3,3,2,2,4,3,2,6,6,4,5,5,4,6,6,6,6,6,6,5,4,4,4,3,3,4,3,3,3,3,2,6,5,5,6,6,6,5,5,5,2,2,2,3,3,3,5,5,5,6,6,6,5,4,4,44106
42,5,6,5,3,3,3,6,6,6,4,5,5,6,6,6,6,6,6,6,6,6,6,6,6,6,6,6,6,6,6,6,6,6,6,6,6,6,6,6,6,6,6,6,6,6,1,6,6,1,6,6,1,6,6,4,6,6,6,6,6,1,XP JC TY JL EC ZW,0,0,0,0,0,0,0,0,0,0,0,0,4,6,1,2,4,2,6,3,3,6,3,3,2,6,6,2,6,6,5,6,6,1,6,6,6,6,6,6,6,6,6,6,6,1,0,0,1,0,0,1,0,0,1,0,0,1,6,1,43026
43,6,5,6,6,6,6,6,6,6,6,6,6,6,6,6,6,,6,6,6,6,6,6,6,6,6,6,6,6,6,6,6,6,6,6,6,6,6,6,6,6,6,6,6,6,6,6,6,6,6,6,6,6,6,6,6,6,6,6,6,1,H,5,5,3,5,5,5,5,5,6,5,5,5,5,5,5,5,5,5,5,5,5,5,5,5,5,5,5,5,5,5,5,5,5,5,5,5,5,5,5,5,5,5,5,5,5,5,5,5,5,5,5,5,5,5,5,5,5,6,6,5,43743
44,4,3,1,2,0,0,3,2,2,2,1,2,4,3,1,5,4,4,6,5,5,6,5,5,5,5,5,2,1,1,3,1,1,3,2,3,5,3,3,4,2,2,4,3,3,2,0,0,3,1,1,4,2,5,5,2,5,4,3,4,1,EC,5,5,4,4,4,1,3,3,3,4,3,2,5,5,4,5,5,5,6,6,5,6,6,6,5,5,5,3,4,4,4,4,4,5,4,4,6,5,5,6,6,6,5,5,4,2,2,1,3,3,3,5,5,6,5,5,6,4,5,5,44447
45,3,3,3,1,,,3,2,2,4,3,3,5,4,4,6,4,4,6,6,6,6,6,6,5,5,5,4,2,2,5,4,4,5,4,4,6,5,5,6,5,5,4,3,3,2,2,2,2,2,2,5,5,5,6,5,5,5,5,5,1,DB,1,3,3,2,1,0,2,2,5,1,4,3,3,2,5,5,5,5,6,6,6,6,6,6,5,5,5,4,6,3,4,2,3,4,4,4,5,4,5,4,6,3,4,3,3,1,1,1,2,2,2,4,3,5,5,4,6,2,4,1,44497
46,2,2,5,5,3,3,6,6,6,6,6,3,6,3,6,6,6,6,6,6,6,6,6,6,6,6,3,5,3,3,6,6,3,6,6,6,6,6,6,6,6,6,6,6,6,3,6,6,6,6,6,6,6,6,6,6,6,4,2,4,1,TH,6,6,4,6,6,3,6,6,3,6,6,1,6,4,6,6,6,6,6,6,6,6,6,6,6,6,3,6,6,3,3,6,1,6,6,2,6,6,6,6,6,1,6,6,6,2,6,0,5,6,6,6,6,6,6,6,6,6,6,1,44579
47,4,5,5,3,4,3,5,4,4,5,4,3,5,5,4,6,6,4,6,6,6,6,6,6,6,6,5,5,5,5,5,4,3,5,4,3,6,5,4,5,5,4,5,4,3,5,5,2,5,5,3,6,6,2,6,5,0,6,5,3,1,ST,5,6,6,3,5,2,6,5,6,4,5,4,6,6,6,6,6,5,6,6,6,6,5,6,6,6,6,5,6,6,5,5,4,5,6,6,6,5,6,5,6,5,5,6,4,3,4,2,4,5,4,5,4,4,6,4,4,5,4,5,44509
48,3,3,5,2,2,1,5,5,5,4,3,4,6,5,6,6,5,6,6,5,6,5,5,4,5,5,5,3,2,2,3,3,4,5,4,5,5,4,3,5,4,4,5,4,4,1,1,1,2,3,3,2,3,3,3,3,3,3,3,3,1,SR,4,4,4,1,1,1,1,1,1,2,2,1,3,3,3,3,3,2,6,6,5,5,4,4,4,3,3,3,3,2,3,3,3,4,3,3,5,4,3,5,5,3,5,5,3,1,1,1,2,2,1,3,3,2,4,3,3,2,2,1,43797
49,6,6,5,5,3,3,6,5,6,5,5,5,6,6,6,6,6,5,6,6,5,6,6,5,6,6,5,5,5,4,5,5,4,6,6,6,6,6,5,6,6,6,6,6,6,1,1,1,2,2,3,5,5,4,6,6,3,6,6,5,1,KW,4,5,2,5,5,1,5,5,3,3,3,4,5,6,5,5,6,4,6,6,6,6,6,6,5,5,4,4,4,4,5,5,3,5,5,3,6,6,5,6,6,5,6,6,5,2,2,2,2,2,2,3,3,3,5,5,5,6,6,6,43884
50,5,5,4,3,4,2,5,4,3,4,5,3,6,6,5,6,6,5,6,6,6,5,6,6,5,5,4,3,2,1,3,2,3,3,2,4,6,6,5,5,4,4,3,2,3,3,3,1,4,4,3,5,4,6,6,6,5,4,3,3,1,KR,5,4,5,4,4,2,4,3,3,4,3,4,5,5,4,6,5,5,5,5,6,6,5,5,5,5,6,3,2,3,5,4,5,6,5,6,5,6,5,5,4,4,4,5,5,3,2,2,4,4,4,6,5,5,6,6,6,6,5,5,43900
51,3,4,3,2,3,2,4,5,4,3,3,2,5,5,5,6,6,5,6,6,6,6,6,6,5,5,4,3,3,2,5,5,3,5,5,5,6,6,5,4,5,4,4,4,3,2,3,2,3,4,4,5,5,5,6,6,6,4,5,4,1,AM,3,4,4,3,3,2,4,5,4,3,3,2,5,5,5,5,6,5,6,6,6,6,6,6,5,5,5,3,3,2,5,5,5,5,5,5,5,6,5,5,6,5,5,5,5,2,3,2,4,4,3,5,6,5,6,6,6,5,6,5,44842
52,5,5,4,5,5,4,6,6,4,6,6,4,6,6,4,6,6,4,6,6,6,6,6,6,6,6,4,5,5,4,6,6,4,6,6,4,6,6,6,6,6,6,6,6,6,5,5,4,6,6,4,6,6,4,6,6,4,6,6,4,1,Siyi Ping,5,5,4,5,5,4,6,6,4,6,6,4,6,6,4,6,6,4,6,6,6,6,6,6,6,6,4,6,6,4,6,6,4,6,6,4,6,6,6,6,6,6,6,6,5,5,5,4,6,6,4,6,6,4,6,6,4,6,6,5,43893
53,4,4,3,4,4,3,5,5,5,3,3,2,6,6,6,6,6,6,6,6,6,6,6,,5,5,4,3,3,2,5,5,5,5,5,5,6,6,6,6,6,6,6,6,6,3,3,3,5,5,5,5,5,5,6,6,6,5,5,4,1,lh,3,3,2,2,2,1,2,2,2,1,1,1,4,4,4,4,4,4,6,6,6,6,6,6,3,3,3,2,2,2,4,4,4,5,5,5,6,6,6,6,6,6,4,4,4,2,2,1,3,3,3,5,5,5,6,6,6,5,5,5,43902
54,4,3,4,3,3,2,4,4,4,2,2,1,4,4,3,5,4,4,6,6,6,6,6,6,5,5,5,2,1,1,4,4,4,5,5,5,6,6,6,5,5,4,5,5,6,1,1,1,3,3,3,5,5,6,6,6,6,3,3,2,1,KC,3,5,4,3,2,2,5,5,5,2,4,3,6,5,4,6,5,5,6,6,5,6,6,5,5,5,3,4,3,2,4,5,4,5,5,4,6,6,5,5,5,5,5,4,4,2,3,1,4,4,3,5,5,5,6,6,6,4,5,2,44420
55,4,3,3,2,2,2,5,4,3,3,2,2,5,4,5,5,5,5,6,6,6,6,6,6,6,6,6,4,3,3,3,3,3,5,4,4,6,6,6,4,4,4,4,4,4,2,1,1,4,4,3,6,6,6,6,6,6,6,5,5,1,NOT,4,4,5,4,3,3,5,4,4,2,2,2,6,5,5,6,6,6,6,6,6,6,6,6,5,4,3,3,3,3,5,4,5,6,6,6,6,6,,6,5,5,6,6,6,1,1,1,3,2,2,6,6,6,6,6,6,5,5,5,44791
56,2,5,1,1,1,0,6,6,2,5,5,5,6,6,4,6,6,6,6,6,6,6,6,6,6,6,6,6,6,6,1,4,0,0,0,0,6,6,6,6,6,6,6,6,6,3,6,3,6,6,5,6,6,2,6,6,1,6,6,6,1,BS,6,6,6,6,6,6,6,6,6,6,6,6,6,6,6,6,6,6,6,6,6,6,6,6,6,6,6,6,6,6,6,6,6,6,6,6,6,6,6,6,6,6,6,6,6,6,6,6,6,6,6,6,6,6,6,6,6,6,6,6,44602
57,5,6,5,6,6,4,5,5,6,5,6,6,6,6,6,6,6,6,6,6,6,6,6,6,6,6,6,4,0,0,6,6,6,6,6,6,6,6,6,2,0,6,6,1,5,5,6,2,3,0,0,1,0,0,2,0,0,4,2,5,1,Callie Fernandez,6,6,6,4,1,0,4,6,6,2,6,6,4,5,6,6,6,6,6,6,6,6,6,6,3,6,6,2,1,1,6,2,1,6,6,2,6,6,6,6,6,6,5,4,6,2,6,6,2,6,6,3,6,6,6,6,6,5,6,6,43975
58,1,1,0,1,1,0,5,2,1,3,1,0,5,4,3,6,6,5,6,6,6,6,6,6,5,4,3,3,1,0,4,3,2,6,6,4,6,6,6,6,5,2,5,4,3,2,2,2,3,3,2,6,6,6,6,6,6,5,3,3,1,Erin,3,5,2,3,3,2,5,2,1,4,4,2,6,6,6,6,6,6,6,6,6,6,6,6,4,3,2,4,3,2,5,6,3,6,6,6,6,6,6,6,6,6,5,5,4,3,4,5,5,6,6,6,6,6,6,6,6,5,4,2,44981
59,5,6,4,2,2,3,3,4,3,4,4,2,6,6,5,6,6,6,6,6,6,6,6,6,6,5,6,5,4,3,5,5,5,4,5,6,6,6,6,5,6,5,5,5,4,4,4,3,4,4,4,5,5,5,5,5,6,6,6,6,1,CEW,5,5,3,4,3,2,4,4,3,3,2,2,4,4,2,5,5,4,6,6,6,6,6,6,6,5,5,4,4,3,4,5,3,5,5,4,6,6,5,6,6,6,5,4,4,2,2,2,3,3,3,5,5,5,6,6,6,5,5,6,44772
60,2,2,1,2,2,1,3,3,2,2,2,2,4,4,4,4,4,4,6,6,6,6,6,6,5,5,4,4,4,3,4,3,3,5,5,4,5,5,3,4,4,3,5,5,4,3,2,2,3,3,3,6,6,6,6,6,6,4,4,4,1,KO,3,4,1,3,3,0,3,3,1,2,2,1,4,5,2,3,4,1,6,6,3,6,5,3,5,4,1,3,4,1,4,4,1,5,5,1,5,5,2,4,4,1,5,5,1,2,2,1,4,5,2,6,6,6,6,6,6,4,4,2,44049
61,3,2,4,1,1,5,3,3,5,2,2,4,6,6,5,6,6,6,6,6,6,6,6,6,6,6,6,6,6,4,6,6,6,6,6,6,6,6,6,6,6,6,6,6,5,5,5,4,6,6,5,6,6,6,6,6,6,6,6,6,1,MP,5,5,1,5,5,0,6,6,,5,5,0,5,6,0,6,6,0,6,6,0,6,6,0,6,6,0,6,6,0,6,6,0,6,6,0,6,6,0,6,6,0,6,6,0,6,6,0,6,6,0,6,6,0,6,6,0,6,6,0,43677
62,1,2,2,3,3,3,4,4,4,3,1,2,5,4,6,6,5,5,6,6,6,6,6,6,6,4,4,4,1,1,4,3,4,3,3,3,6,5,6,5,3,5,3,2,2,2,1,1,4,2,2,5,4,4,6,5,5,4,5,5,1,AG,2,2,2,4,5,4,3,5,5,1,2,2,5,5,5,6,6,6,6,6,6,6,6,6,4,5,5,3,2,2,4,4,5,4,5,5,5,6,6,6,5,6,3,2,2,1,1,1,2,4,4,5,6,6,6,6,6,4,5,5,43799
63,3,2,2,1,0,0,4,2,2,2,1,1,4,3,3,5,3,3,6,5,5,6,5,5,6,3,3,5,2,2,4,4,4,3,1,1,6,5,5,5,2,2,5,4,4,2,0,0,3,2,2,5,5,5,6,6,6,4,4,4,1,EA,2,5,4,2,2,2,4,5,5,2,1,1,5,4,4,6,5,5,6,6,6,6,6,6,5,4,4,5,2,2,5,4,4,5,5,5,6,6,6,5,5,5,5,4,4,1,1,1,3,3,3,5,6,6,6,6,6,5,4,4,43828
64,3,5,3,3,2,1,3,3,2,3,3,3,4,5,5,5,6,5,6,6,5,6,5,5,5,4,4,4,4,2,5,5,4,5,5,4,6,6,6,6,6,6,6,5,5,3,2,,3,2,1,3,2,2,3,2,4,4,4,2,1,Y.Y,4,4,1,4,4,1,3,3,1,4,4,1,4,4,1,5,5,1,6,6,5,6,6,5,5,4,2,4,4,2,5,4,2,5,5,2,6,6,5,6,6,5,6,6,5,3,2,1,3,2,1,3,2,3,3,2,5,5,4,3,43972
65,4,3,4,2,2,2,5,5,4,4,4,4,6,6,6,6,6,6,6,6,6,6,6,6,5,5,2,4,3,1,4,4,4,5,5,5,6,6,6,5,5,5,5,5,4,2,1,1,3,2,3,4,3,5,6,3,6,4,2,2,1,AB,4,3,1,2,1,1,2,2,1,1,1,1,5,5,5,6,6,6,6,6,6,6,6,6,5,2,1,5,1,1,4,2,3,5,5,5,6,6,6,4,2,3,4,4,4,2,1,1,3,2,3,5,3,4,6,3,5,5,2,2,44512
66,3,4,4,1,4,4,6,5,6,4,4,3,6,6,6,6,5,6,6,6,6,6,6,6,6,5,6,6,5,4,6,5,6,6,4,4,6,6,6,6,5,5,6,6,6,5,4,5,6,6,5,6,6,6,6,6,6,5,4,4,1,DA,4,3,3,3,4,4,5,5,6,4,3,4,6,6,6,6,5,5,6,6,6,6,6,6,6,5,5,5,4,4,6,5,4,6,4,4,5,3,5,5,4,5,6,5,6,5,5,5,6,5,6,6,6,6,6,6,6,5,4,5,43653
67,4,5,1,3,5,1,5,5,1,6,6,1,6,6,1,6,6,1,6,6,2,6,6,3,5,5,1,5,5,2,5,5,1,6,4,1,6,6,2,5,5,1,6,6,1,5,5,1,5,5,1,6,6,2,6,6,3,6,6,1,1,AM,6,6,1,5,5,1,5,5,1,5,5,2,6,6,1,6,6,1,6,6,2,6,6,1,5,5,1,5,5,1,6,6,2,6,6,1,6,6,2,6,6,1,6,6,1,5,5,1,6,6,1,6,6,2,6,6,3,6,6,1,44599
68,1,3,2,5,3,2,5,4,6,4,1,4,6,6,6,5,5,2,6,6,4,6,5,5,4,2,0,4,1,,5,3,5,5,3,2,6,6,3,4,2,1,4,3,2,2,1,,3,1,,4,2,,5,3,1,3,,,1,ML,4,4,1,3,1,,4,3,2,2,,,3,2,1,6,6,2,6,6,2,6,6,2,2,1,2,3,1,,3,1,2,5,3,5,6,6,3,6,6,3,5,3,3,1,,,2,,,5,4,2,6,5,2,4,0,2,44384
69,6,6,6,5,4,5,6,5,5,5,5,5,5,5,,6,6,6,6,6,6,6,6,6,6,6,6,6,6,6,6,6,6,5,5,5,6,6,6,6,6,6,5,5,5,6,6,6,6,6,6,6,4,4,6,4,4,6,6,6,1,AR,5,5,6,5,5,4,6,5,5,5,5,5,5,5,5,6,4,5,6,6,6,6,6,6,6,6,6,5,5,5,6,6,6,6,6,6,6,6,6,6,6,6,5,5,5,4,4,4,5,5,5,6,4,4,6,4,5,6,6,6,44864
70,2,4,2,2,0,,2,3,1,2,3,2,5,5,4,6,5,4,6,6,6,6,6,6,5,4,3,3,1,1,4,3,3,3,3,2,5,5,4,4,4,4,4,4,3,2,2,0,3,2,0,4,3,4,5,4,6,4,2,2,1,CB,2,2,1,2,2,1,2,2,1,2,2,1,3,3,1,4,4,3,6,6,5,6,6,5,4,5,4,2,2,2,3,3,2,3,3,2,5,5,5,3,4,3,3,3,2,1,1,1,3,3,1,4,4,4,5,6,6,2,2,1,43591
71,6,4,0,4,1,0,5,4,1,5,3,1,6,5,6,6,4,6,6,2,6,6,2,6,6,5,6,6,5,5,6,4,5,6,3,6,6,3,6,6,5,6,6,5,6,3,4,4,4,3,4,5,3,5,6,1,6,6,3,6,1,LL,5,6,4,5,6,2,5,5,4,5,6,5,6,5,5,6,5,3,6,6,5,6,5,5,6,6,4,5,5,4,6,5,5,5,5,4,6,5,5,6,6,5,6,6,5,4,3,0,5,4,4,5,4,5,6,5,6,6,6,6,43637
72,1,2,0,0,0,0,3,2,3,1,2,3,6,5,5,5,3,3,5,5,6,4,3,6,3,1,1,6,3,2,5,6,1,3,2,2,6,4,5,4,4,2,2,3,1,1,0,0,2,1,2,5,3,6,6,5,6,4,2,2,1,MW,0,0,0,0,0,0,1,0,1,1,0,1,2,2,2,2,2,1,3,3,4,3,3,4,1,0,0,6,4,1,5,5,2,4,5,2,4,6,6,5,4,1,2,2,1,1,0,0,2,1,2,4,5,5,6,5,6,3,2,3,43926
73,3,5,3,2,4,1,5,5,4,3,4,3,5,5,5,5,5,5,6,6,6,6,6,6,6,6,5,4,3,1,4,3,3,4,2,1,6,6,5,6,6,4,5,5,5,4,4,2,5,5,2,6,6,3,6,6,5,5,5,3,1,AW,4,6,1,4,4,1,4,5,2,3,4,1,5,6,3,5,6,4,6,6,6,6,6,6,6,6,5,5,3,2,5,5,3,5,5,2,6,6,6,6,6,5,5,5,3,3,4,1,4,4,2,5,5,4,6,6,6,5,5,3,43991
74,5,6,6,5,3,3,6,5,4,4,6,6,6,5,6,6,5,6,6,6,6,6,6,6,6,6,6,6,5,6,6,5,6,6,4,6,6,5,6,6,4,6,3,2,5,6,4,6,6,4,2,6,3,3,6,3,5,6,4,4,1,LB,5,4,5,5,5,4,6,5,5,5,6,6,6,5,6,6,5,6,6,6,6,6,6,6,6,6,6,5,6,6,6,5,4,6,4,5,6,4,6,6,5,5,6,4,5,5,6,6,6,6,6,6,4,6,6,3,5,6,5,5,43808
75,1,2,1,1,1,2,2,1,1,2,3,4,5,6,3,5,3,2,6,6,3,6,6,5,6,6,5,3,2,2,4,3,5,5,6,4,6,6,5,6,4,3,5,4,3,1,1,1,5,4,4,6,6,5,6,6,6,5,4,4,1,A.N.,2,4,4,4,5,3,3,2,2,3,4,5,6,6,6,6,4,2,6,6,4,6,3,2,6,6,3,4,3,3,4,3,1,4,4,3,6,3,2,5,3,1,6,3,5,2,1,0,3,3,1,5,5,4,6,6,5,4,5,3,44576
76,3,3,4,4,5,5,5,5,5,3,4,5,6,6,6,6,6,6,6,6,6,6,6,6,5,6,6,5,6,6,6,6,6,6,6,6,6,6,6,6,6,6,6,6,6,5,6,6,5,6,6,6,6,6,6,6,6,6,6,6,1,KMT,4,6,6,4,6,6,4,6,6,1,4,4,5,5,5,5,6,6,6,6,6,6,6,6,6,6,6,5,6,6,5,6,6,4,4,3,6,6,6,,,,5,6,6,2,3,3,3,3,3,5,6,6,6,6,6,4,6,6,44737
77,5,5,2,5,4,2,5,6,2,4,4,2,5,6,2,6,6,3,6,6,3,6,6,,6,6,,5,5,0,4,5,1,5,5,1,6,6,,6,6,1,6,6,,3,3,3,4,4,2,5,5,1,6,6,2,6,5,2,1,WS,4,4,,5,5,,4,4,,5,5,,6,6,,6,6,,6,6,1,6,6,1,6,6,,4,4,,4,4,,5,4,2,5,5,1,6,6,,5,5,,3,3,,4,4,,5,5,1,6,4,4,6,5,3,44827
78,1,2,1,2,1,1,3,2,2,1,1,1,4,3,3,5,5,5,6,6,6,6,6,6,5,5,4,4,3,2,4,4,3,5,5,5,5,5,5,5,5,4,5,5,4,2,1,,2,1,,3,2,2,4,3,4,5,3,2,1,JG,3,3,2,4,4,2,3,3,2,1,1,1,3,3,3,5,5,5,6,6,6,6,6,6,5,5,5,3,3,3,5,5,5,5,5,5,5,5,5,5,5,4,5,5,4,1,1,,2,1,1,3,3,3,5,5,5,4,4,4,44397
79,5,4,0,3,2,,6,5,2,3,4,2,6,5,2,6,4,1,6,6,4,6,5,3,5,2,0,5,1,0,5,5,2,5,4,3,6,4,1,5,2,0,5,4,3,4,2,2,5,3,3,6,5,5,6,6,6,5,3,3,1,JL,3,1,0,3,2,0,3,2,0,4,2,0,5,3,2,6,5,3,6,6,5,6,6,5,6,4,2,4,2,0,5,4,2,5,4,1,6,4,2,5,3,1,5,3,2,3,1,0,4,2,0,6,6,4,6,6,5,5,4,2,44730
80,3,3,3,2,1,1,3,2,2,3,3,2,4,4,3,5,4,5,5,5,4,5,4,4,5,3,3,3,2,1,4,4,4,4,3,3,5,4,3,5,4,3,5,3,3,3,2,3,4,3,3,5,4,3,6,5,5,4,4,4,1,AM,5,5,3,3,2,1,3,3,3,3,4,4,5,5,4,5,4,4,5,5,4,5,5,5,4,4,4,3,3,3,5,5,4,5,5,4,5,5,4,5,5,3,4,4,3,3,3,2,3,3,3,4,4,5,5,5,6,4,5,5,43809
81,5,5,4,4,,3,5,5,5,5,5,5,6,6,6,6,6,6,6,6,6,6,6,6,6,6,6,6,6,6,6,6,6,6,6,6,6,6,6,6,6,6,6,6,6,5,5,5,5,5,5,6,6,6,6,6,6,6,6,6,1,EI,5,5,5,5,5,5,5,5,5,4,4,4,6,6,6,6,6,6,6,6,6,6,6,6,6,6,6,6,6,6,6,6,6,6,6,6,6,6,6,6,6,6,6,6,6,4,4,4,5,5,5,6,6,6,6,6,6,5,5,5,44614
82,2,3,3,3,3,3,6,6,6,5,5,5,6,6,6,6,6,6,6,6,6,6,6,6,6,6,6,6,6,6,5,5,5,6,6,6,6,6,6,5,5,5,5,5,5,3,3,3,4,4,4,6,6,6,6,6,6,6,6,6,1,BCS,4,4,4,4,4,4,5,5,5,5,5,5,6,6,6,5,5,5,6,6,6,6,6,6,6,6,6,6,6,6,5,5,5,6,6,6,6,6,6,6,6,6,6,6,6,4,4,4,5,5,5,6,6,6,6,6,6,5,5,5,44501
83,4,5,2,3,2,1,2,1,1,4,2,3,5,5,5,5,6,5,6,6,6,6,6,6,4,3,3,4,3,3,5,3,3,2,2,2,5,5,5,4,3,3,5,4,4,1,,,1,,,3,2,2,5,2,2,4,3,2,1,EVM,5,5,5,4,4,4,2,2,2,1,1,1,3,3,3,6,6,6,6,6,6,6,6,6,4,4,4,4,4,4,4,4,4,4,4,4,5,5,5,4,4,4,5,5,5,,,,1,1,1,2,2,2,4,4,4,5,5,5,44607
84,4,4,5,4,,4,5,5,3,4,4,5,6,6,5,6,5,6,6,6,6,6,6,6,6,5,6,5,3,4,5,5,6,5,5,6,6,6,6,6,5,6,5,5,5,3,3,3,4,4,4,5,4,4,6,4,4,6,5,6,1,SS,5,5,4,6,5,4,3,5,4,5,5,4,2,5,4,5,5,4,5,5,4,5,5,4,6,5,4,4,4,4,5,5,4,5,5,4,5,5,4,5,5,4,5,5,4,3,4,3,3,4,3,5,2,1,6,4,2,6,5,4,44995
85,5,5,5,5,5,5,5,5,5,5,5,5,6,6,6,5,5,5,6,6,6,6,6,6,6,6,6,4,4,4,5,5,5,5,5,5,6,6,6,6,6,6,6,6,6,4,4,4,5,5,5,6,6,6,6,6,6,5,5,5,1,KL,4,6,6,3,6,6,2,6,6,1,3,3,1,5,5,0,2,2,6,6,6,6,6,6,6,6,6,3,6,5,4,4,6,3,5,6,6,6,6,4,5,5,5,5,5,2,2,2,3,5,5,4,5,5,6,6,6,5,5,5,44484
86,3,5,4,1,0,0,5,4,3,2,2,2,5,5,4,5,4,3,6,6,6,6,6,6,5,2,1,4,2,1,5,4,3,5,5,4,6,6,4,6,5,5,5,5,5,4,4,2,4,3,3,5,5,4,5,5,5,5,5,2,1,MG,2,6,3,3,2,1,4,4,2,2,3,1,5,5,5,5,5,3,6,6,6,6,6,6,2,1,1,3,2,1,5,5,3,5,5,4,5,5,5,5,5,5,5,5,4,2,2,1,4,4,3,5,5,5,5,5,5,4,3,2,44513
87,5,5,4,3,2,2,4,4,2,3,2,1,4,4,3,6,5,5,6,5,6,5,5,4,5,4,3,4,2,1,5,5,4,5,3,3,5,5,5,4,4,3,5,4,5,2,1,1,3,3,3,5,5,6,6,5,6,5,3,3,1,SO,4,5,3,5,5,3,4,5,3,2,2,2,5,4,6,6,5,5,6,6,5,6,6,5,4,2,2,4,2,2,5,4,4,5,5,4,6,5,4,4,3,2,5,4,3,2,1,1,3,3,3,5,5,5,6,5,6,5,2,2,44580
88,6,6,6,4,3,3,6,6,5,6,6,4,6,6,6,6,6,6,6,6,6,6,6,6,6,6,6,6,6,5,6,6,6,6,6,5,6,6,6,6,6,5,6,6,6,6,6,6,6,6,3,6,6,6,6,6,6,6,5,4,1,T.E.,5,6,5,6,5,4,2,4,2,1,1,0,6,6,6,6,6,6,6,6,6,6,6,6,5,6,5,4,5,2,6,6,6,5,5,6,6,6,6,6,6,6,5,5,5,2,1,0,3,3,3,5,5,5,6,6,6,4,2,3,43784
89,3,3,2,4,,4,2,1,1,1,2,2,3,3,3,5,5,5,6,4,3,6,4,3,3,4,4,3,3,3,5,5,4,5,5,5,5,5,4,5,5,4,5,5,4,1,1,1,2,2,1,4,3,3,4,3,3,5,4,4,1,R. W.,4,5,1,2,1,1,1,1,1,1,5,4,4,4,4,5,6,5,6,3,5,6,4,5,5,5,5,5,5,5,4,4,3,5,5,4,5,5,4,5,5,4,5,5,5,1,1,1,2,2,2,3,3,3,3,3,3,5,4,4,44425
90,1,1,1,1,1,1,2,1,1,1,1,1,6,6,6,6,6,6,6,6,6,6,6,6,6,3,3,3,3,3,1,1,1,1,1,1,6,6,6,1,1,1,1,1,1,1,1,1,3,3,3,3,3,3,6,6,6,5,5,5,1,trm,1,1,1,1,1,1,2,1,1,1,1,1,6,6,6,6,6,6,6,6,6,6,6,6,3,3,3,1,1,1,3,3,3,3,3,3,6,6,6,1,1,1,1,1,1,3,3,3,3,3,3,6,6,6,6,6,6,1,1,1,43147
91,4,3,2,4,4,2,6,5,5,4,4,3,6,6,6,6,5,5,6,6,5,6,6,6,6,4,2,4,1,0,5,2,1,5,2,1,6,6,6,6,5,2,4,3,2,2,2,1,4,2,2,5,5,5,6,6,6,5,3,3,1,Jack ,3,4,3,5,6,3,4,4,1,4,5,1,6,6,4,5,5,2,6,6,6,6,6,5,4,6,6,3,3,2,6,6,2,5,4,3,6,6,6,6,6,6,6,6,4,3,3,3,4,4,3,6,5,5,6,6,6,2,5,5,44762
92,5,5,2,2,2,0,4,4,4,2,2,1,5,5,4,6,5,4,6,6,6,6,6,6,5,5,5,4,3,3,4,4,2,3,3,2,5,5,2,5,5,5,5,5,2,2,2,1,2,2,2,3,3,3,5,5,4,3,3,3,1,NS,3,3,3,1,,,3,3,2,1,1,2,3,3,2,4,5,4,6,6,6,6,6,5,2,2,2,1,1,1,3,2,2,4,4,4,5,5,5,3,3,3,3,3,3,1,,,2,1,1,3,3,3,4,4,4,3,3,3,44483
93,3,3,3,3,,3,5,5,5,5,5,5,6,6,6,6,6,6,6,6,6,6,6,6,6,6,6,4,4,4,5,5,5,5,5,5,6,6,6,5,5,5,5,5,5,3,3,2,5,5,5,6,6,6,6,6,6,4,4,4,1,CW,2,2,2,2,2,0,2,2,2,1,1,1,3,3,3,4,4,4,6,6,6,6,6,6,2,2,3,2,2,2,4,4,4,4,4,4,6,6,6,5,5,5,4,4,4,1,1,1,3,3,3,6,6,6,6,6,6,3,3,3,44063
94,3,4,5,2,3,2,4,3,5,4,4,4,6,5,6,6,5,6,6,6,6,6,3,5,6,6,4,4,4,4,5,6,5,5,5,6,6,6,6,6,6,6,6,6,6,3,4,4,4,4,4,6,6,5,6,5,6,5,5,5,1,MG,4,4,2,4,4,3,4,4,2,4,4,3,6,6,4,6,6,5,6,6,4,6,6,4,6,6,4,4,4,3,6,6,4,5,5,5,6,6,5,6,6,5,5,5,5,3,4,4,4,4,3,5,5,4,6,6,5,5,5,4,44245
95,3,2,1,3,2,2,3,3,2,2,2,2,5,5,4,5,5,4,6,5,6,6,6,6,6,6,6,3,2,2,5,5,5,5,5,5,6,6,6,5,5,5,4,4,4,3,3,3,5,4,5,6,6,6,6,6,6,5,4,4,1,,6,6,6,4,4,3,3,3,3,5,4,4,6,6,6,6,6,6,6,6,6,6,6,6,6,6,6,5,4,4,6,6,5,5,5,5,6,6,6,6,6,6,5,5,5,3,3,3,4,4,4,6,6,6,6,6,6,3,3,3,44184
96,6,4,3,5,,3,5,5,4,6,4,2,6,6,6,6,6,6,6,6,6,6,6,6,6,6,5,6,6,4,6,5,4,6,6,6,6,6,6,6,6,6,6,6,6,5,3,1,5,4,3,6,6,5,6,6,5,6,6,5,1,NM,6,6,6,6,6,5,5,6,5,5,4,2,6,6,6,6,6,6,6,6,6,6,6,6,6,6,6,6,6,5,6,6,5,6,6,5,6,6,6,6,6,6,6,6,5,4,4,1,5,5,3,6,6,5,6,6,5,6,5,5,44098
97,6,3,1,6,3,3,6,4,2,6,3,1,6,6,3,6,6,4,6,6,5,6,6,6,6,5,3,4,3,2,6,3,1,6,3,2,6,5,6,6,3,2,6,5,3,4,3,1,5,3,2,6,5,3,6,6,6,6,2,1,1,DG,6,6,4,6,6,4,6,6,4,6,6,3,6,6,6,6,6,6,6,6,6,6,6,6,6,6,4,6,6,4,6,6,4,6,6,5,6,6,6,6,6,6,6,6,5,6,6,5,6,6,6,6,6,6,6,6,6,6,6,5,44838
98,5,4,5,5,,4,5,5,4,6,5,5,6,5,5,6,6,6,6,6,6,6,6,6,6,6,6,5,5,4,4,4,3,4,4,4,6,6,6,6,6,6,5,4,4,5,5,5,6,6,6,6,6,6,6,6,6,6,6,5,1,GW,6,6,4,4,6,4,4,6,5,5,5,5,5,5,4,6,6,5,6,6,6,6,6,6,6,6,6,6,5,5,6,6,6,6,6,6,6,6,6,6,6,6,6,6,6,5,5,5,5,5,5,6,6,6,6,6,5,6,6,6,43289
99,4,0,0,2,0,0,,,,3,0,0,5,1,1,4,2,3,6,3,4,5,3,4,5,1,1,3,0,0,3,0,0,4,1,2,6,2,3,5,1,2,3,1,1,3,0,,3,1,1,4,1,2,6,3,5,1,0,,1,SN,1,0,0,0,0,0,1,0,,1,0,0,2,2,2,4,1,1,6,5,6,6,4,5,4,0,0,2,0,0,3,2,2,4,2,3,5,2,3,5,3,3,2,1,1,1,,,1,1,,3,2,2,6,5,6,1,,,44562
100,2,2,3,2,3,2,4,4,,3,2,3,5,6,5,3,3,4,3,3,3,6,6,6,3,4,3,6,6,6,4,6,4,3,2,3,5,5,5,2,2,3,3,3,3,6,6,6,6,6,6,6,6,6,6,6,6,4,3,4,1,CG,6,6,5,2,3,5,1,2,2,3,3,2,3,3,4,4,2,3,3,4,3,3,2,4,3,1,1,1,1,1,1,1,2,1,1,2,1,2,1,2,1,2,1,2,1,2,2,1,2,1,1,2,1,3,6,6,6,6,4,4,43824
101,4,3,2,3,2,2,4,3,1,3,1,1,6,3,2,6,5,6,6,6,6,6,5,3,6,3,3,2,1,0,6,5,6,4,2,1,6,4,6,6,6,5,6,5,6,2,2,3,5,3,5,6,6,6,6,6,6,4,2,3,1,ML,3,4,3,2,3,2,4,3,2,4,2,3,6,5,5,6,5,5,6,6,6,6,5,4,6,4,4,3,1,1,5,5,4,5,5,5,6,6,6,6,5,5,6,6,4,3,4,4,4,4,5,6,5,6,6,6,6,5,4,5,43701
102,4,4,3,3,,2,2,2,2,1,1,0,3,2,2,1,1,1,2,2,2,2,2,2,2,1,2,2,1,2,2,1,2,2,1,2,2,1,2,1,2,1,2,1,2,2,2,1,2,1,2,2,1,2,2,1,2,2,1,2,1,john doe,1,1,1,2,1,2,1,2,1,2,2,2,3,2,1,2,1,2,2,1,3,2,1,2,2,2,2,2,1,2,1,2,1,2,2,1,2,2,1,2,1,2,2,2,2,2,1,2,2,1,2,1,2,2,4,1,2,1,1,1,44038
103,4,3,3,3,3,3,4,4,3,4,4,5,3,3,2,4,4,4,5,4,4,5,3,3,3,3,3,2,2,3,2,2,1,3,3,2,3,3,3,3,3,3,2,2,3,1,1,1,1,1,1,1,1,1,1,1,1,2,2,2,1,MS ,4,4,4,3,3,4,5,4,4,3,3,3,5,5,5,5,5,5,5,4,4,5,4,4,3,3,4,3,3,3,3,3,3,4,4,3,4,5,5,4,4,5,2,2,2,2,2,2,2,2,2,2,2,1,2,2,2,3,3,3,44578
104,1,1,2,2,2,2,3,2,1,2,2,1,3,3,3,4,3,2,6,4,4,6,4,4,5,4,3,4,2,2,3,2,1,2,2,2,5,5,4,5,4,4,2,2,2,1,1,1,2,2,2,3,3,3,3,4,3,4,3,3,1,BW,2,2,2,3,4,2,1,0,0,3,1,2,4,3,1,5,4,5,6,4,5,6,5,4,3,5,5,3,3,4,4,3,4,4,5,4,5,4,5,4,5,4,4,5,3,2,1,3,3,3,5,4,5,6,5,6,6,3,4,4,44594
105,3,3,3,5,4,2,5,3,1,4,2,3,5,3,0,6,6,4,6,6,4,6,6,5,6,6,3,3,2,0,4,3,0,6,4,6,6,6,6,6,6,6,6,6,6,3,,0,3,1,0,4,3,2,6,3,2,6,6,5,1,MN,4,4,4,5,4,5,5,4,2,3,4,3,5,3,5,6,6,6,6,6,6,6,6,3,6,6,6,3,3,1,4,5,2,6,2,4,6,6,6,6,6,6,6,6,6,2,0,,3,2,2,4,2,4,6,3,5,6,4,4,44507
106,4,4,1,3,2,,4,4,,4,4,,5,5,,5,5,1,6,6,3,5,5,,4,4,,3,3,,4,4,,4,4,2,5,5,,5,5,,4,4,,3,3,,3,3,,4,4,1,4,4,2,4,4,3,1,MR,3,3,,2,2,,2,2,,2,2,,3,3,1,4,4,,6,6,2,4,4,,3,3,,3,3,,3,3,1,4,4,2,4,4,,4,4,,4,4,,2,2,,2,2,1,4,4,3,4,4,4,4,4,3,43837
107,4,4,4,5,5,5,4,4,4,4,4,4,6,6,5,6,6,6,6,6,6,6,6,6,5,6,6,2,0,0,4,3,4,5,4,5,6,6,6,5,5,4,5,5,5,2,0,2,4,4,4,6,5,5,6,5,5,4,3,3,1,BG,3,1,2,3,3,3,4,4,4,2,2,2,5,6,4,6,6,6,6,6,6,6,6,6,4,3,3,1,0,0,4,4,4,4,4,4,6,6,6,5,5,4,5,5,5,1,0,0,4,4,4,5,5,5,6,6,6,4,5,4,41965
108,5,2,0,2,5,1,6,6,1,4,6,1,6,5,2,6,5,1,6,6,3,6,5,3,6,6,6,6,6,5,4,2,1,4,2,3,6,6,3,6,6,1,4,5,3,1,6,2,4,5,4,6,5,4,6,0,6,6,6,1,1,AT,4,6,4,6,6,0,3,3,0,6,6,0,1,6,5,4,4,3,5,6,4,5,5,4,6,6,3,6,6,6,6,6,2,6,6,1,6,5,4,6,6,6,6,6,1,6,6,1,6,6,1,3,3,1,1,1,5,4,4,1,43889
109,5,4,4,4,2,2,5,3,2,4,2,1,6,4,3,6,4,2,6,6,6,6,6,6,4,3,2,4,3,2,5,4,3,5,4,3,6,5,4,5,5,4,4,4,2,4,3,3,5,4,4,5,5,5,6,6,6,4,3,2,1,LW,5,5,2,4,4,2,6,4,4,6,4,3,6,6,6,6,6,4,6,6,6,6,6,6,6,4,3,5,2,1,5,4,3,5,5,3,6,6,4,5,5,5,5,4,4,3,2,2,4,3,3,5,5,4,6,5,5,5,4,4,44739
110,4,3,4,4,3,3,6,5,6,4,4,4,6,6,6,6,6,6,6,6,5,6,5,5,5,5,4,6,5,5,5,4,5,5,4,4,6,6,5,5,5,5,5,5,4,3,3,3,4,4,5,5,5,6,6,5,6,3,4,5,1,SM,3,4,3,4,4,2,3,2,2,3,3,2,4,5,4,5,6,5,6,6,5,6,6,6,5,5,4,5,5,3,5,6,4,5,5,5,5,5,4,5,5,5,6,6,4,4,4,4,5,5,5,5,5,6,6,6,6,4,4,3,44770
111,3,3,1,3,3,1,5,2,1,2,2,1,4,3,3,5,3,3,6,3,4,6,3,4,5,2,1,3,1,1,4,2,3,4,2,1,4,3,3,2,2,1,3,2,2,2,2,2,3,3,3,5,3,6,5,4,6,5,1,2,1,EC,4,5,2,4,4,3,3,2,1,3,2,1,5,4,4,6,3,3,6,5,4,6,4,4,4,2,1,3,2,1,4,3,2,5,4,3,6,3,4,5,4,4,4,3,4,3,3,2,4,5,5,5,5,6,5,5,6,5,3,3,44409
112,3,4,6,2,1,1,4,4,5,3,4,3,6,5,6,6,5,6,6,6,6,6,6,6,5,4,4,3,2,2,3,2,3,3,3,3,4,3,3,3,3,2,3,3,4,3,3,4,3,3,4,4,4,5,5,4,6,5,5,4,1,SG,4,5,3,3,4,1,4,5,3,3,3,1,5,6,5,4,5,3,6,6,6,6,6,6,5,4,3,4,3,3,5,5,4,5,5,3,5,6,3,5,6,4,4,5,3,3,4,2,4,4,2,5,6,4,6,6,4,5,5,3,43728
113,3,3,3,3,3,3,3,3,3,3,3,3,4,4,4,6,6,6,6,6,6,6,6,6,6,6,6,5,5,5,6,6,6,5,5,5,6,6,6,5,5,5,5,5,5,3,3,3,4,4,4,5,5,5,6,6,6,5,5,5,1,KL,4,6,5,3,4,3,3,4,4,3,4,4,6,6,6,6,6,6,6,6,6,6,6,6,4,4,4,3,3,3,5,5,5,5,5,5,6,6,6,5,5,5,5,5,5,2,4,4,4,4,4,5,5,5,6,6,6,5,5,5,44605
114,4,2,,2,0,,5,,1,1,,1,5,3,,6,2,,6,6,6,6,6,6,6,2,1,4,,,3,2,,3,,,6,5,5,6,6,6,5,4,6,3,1,,3,2,,6,5,6,6,6,6,3,,,1,Carolina,5,5,0,6,4,,5,6,2,3,2,,6,6,1,6,6,5,6,6,6,6,6,6,6,4,,3,1,,5,4,3,4,4,4,6,6,6,6,2,,5,5,4,1,,,3,,,5,5,6,6,6,6,2,1,,44769
115,2,2,1,3,2,1,3,1,2,2,1,1,4,2,2,5,3,2,6,6,5,6,5,3,5,1,1,3,1,0,4,1,1,3,1,1,5,3,3,4,2,1,2,1,0,2,1,0,3,2,1,5,2,3,6,3,5,4,2,0,1,L.R.,3,3,3,4,4,2,4,3,2,3,3,1,4,4,3,5,6,4,6,6,4,6,6,5,4,2,0,2,0,0,3,2,2,3,2,2,5,6,4,4,3,0,4,2,0,2,1,0,3,3,2,5,5,4,6,6,5,3,2,0,44516
116,5,4,1,5,1,1,5,2,2,5,2,2,6,3,2,6,4,2,6,3,3,6,4,4,6,3,3,5,2,2,6,2,2,4,2,2,6,3,2,6,2,2,5,3,2,5,2,2,6,2,1,6,4,3,6,2,3,6,3,2,1,NSC,5,6,6,5,5,5,6,5,4,6,6,6,6,5,6,6,6,6,6,6,6,6,6,6,6,6,6,6,5,5,6,6,6,6,6,6,6,6,6,5,5,5,6,6,6,5,5,5,6,5,6,6,5,5,6,5,5,6,5,5,44515
117,5,5,5,4,1,0,6,5,5,6,5,6,5,5,5,6,5,5,6,5,6,6,6,6,5,5,6,5,4,0,5,5,4,5,4,4,6,5,5,6,5,5,5,4,2,5,5,5,5,5,5,6,6,6,6,6,6,5,5,4,1,CP,5,6,6,5,4,1,6,5,6,6,6,6,6,6,6,6,6,6,6,6,6,6,6,6,6,5,5,5,5,4,6,5,4,5,5,4,6,5,6,6,6,6,6,5,5,5,5,5,5,5,5,6,6,5,6,6,5,6,5,5,44577
118,3,5,4,4,3,2,5,2,1,2,4,2,6,5,5,6,3,1,6,4,2,6,3,2,6,3,1,3,1,1,2,2,3,5,3,5,6,3,2,6,6,6,6,6,5,2,1,1,4,2,3,5,3,5,6,5,5,3,2,1,1,EL,5,5,2,3,5,1,3,5,1,4,4,2,6,5,3,6,6,2,6,6,5,6,6,5,3,2,1,2,1,1,4,4,2,3,2,3,6,5,2,6,6,5,5,4,2,1,1,1,2,2,1,5,5,2,6,5,5,2,2,1,43932
119,2,3,3,3,3,3,5,5,4,5,5,4,6,6,5,6,6,5,6,6,6,6,6,6,6,6,5,5,5,4,6,6,5,6,6,5,6,6,6,6,6,5,6,6,6,4,4,2,4,4,2,5,5,4,6,6,6,5,5,4,1,SO,4,4,4,5,5,4,5,5,5,5,5,5,6,6,6,6,6,6,6,6,6,6,6,6,5,5,5,5,5,5,6,6,6,5,5,5,6,6,6,6,6,6,6,6,6,4,4,4,5,5,5,6,6,6,6,6,6,5,5,5,44608
120,5,6,5,5,6,4,4,6,4,5,6,5,6,6,6,6,6,6,6,6,6,6,6,6,6,6,5,5,6,6,4,6,5,4,6,5,6,6,6,6,6,6,6,6,6,5,6,6,5,6,6,6,6,6,6,6,6,6,6,6,1,HZ,5,6,3,5,5,1,5,5,4,4,5,4,6,6,3,6,6,3,6,6,6,6,6,6,5,5,2,5,6,2,5,6,3,6,6,6,6,6,5,6,6,4,5,5,3,6,6,6,6,6,6,6,6,6,6,6,6,6,6,6,43294
121,3,5,2,3,5,1,6,6,6,5,4,2,6,6,6,6,6,6,6,6,6,6,6,6,6,5,5,3,1,,3,5,2,5,4,2,6,6,6,6,6,6,5,5,2,2,2,,4,3,1,6,6,6,6,6,6,5,5,3,1,H.A,6,6,,5,6,2,6,6,2,5,3,,5,6,3,6,6,4,6,6,6,6,6,6,6,6,2,3,0,0,6,5,3,5,5,,6,5,5,5,3,3,4,3,,4,0,,5,3,,5,5,3,6,6,6,4,4,2,43798
122,2,3,3,,1,1,4,6,6,4,6,6,5,6,6,6,6,6,6,6,6,6,4,4,6,6,6,2,3,3,1,1,1,2,2,2,5,3,3,5,3,3,3,2,2,1,2,2,2,2,2,3,2,3,5,3,3,5,4,4,1,IOM,3,6,6,3,6,6,1,6,6,6,6,6,6,6,6,6,6,6,6,4,4,6,3,3,4,3,3,2,4,4,4,3,3,4,3,3,6,4,4,6,3,3,4,3,3,2,4,4,3,4,4,5,6,6,6,6,6,4,6,6,44820
123,5,4,1,4,,2,6,4,3,3,1,1,6,5,4,6,5,5,6,6,,6,6,6,5,4,4,2,0,0,3,3,3,6,5,5,6,6,6,5,4,4,3,3,3,2,2,2,4,4,4,6,6,6,6,6,6,6,4,4,1,crl,4,2,1,2,0,0,6,4,3,6,3,2,6,4,4,6,4,4,6,6,6,6,6,6,6,4,3,1,0,0,6,3,3,6,5,4,6,6,6,5,4,4,4,3,3,2,1,0,3,2,2,5,4,4,6,5,5,6,3,3,43850
124,4,6,5,4,5,4,5,6,4,4,5,4,6,6,6,6,6,6,6,6,6,6,6,6,5,6,5,4,5,3,5,5,5,5,6,5,6,6,6,6,6,6,6,6,6,4,6,6,5,6,6,6,6,6,6,6,6,5,6,6,1,PD,4,4,3,4,4,2,4,4,4,3,4,2,4,4,4,5,5,6,6,6,6,6,6,6,5,5,3,3,3,2,3,4,5,4,4,4,6,6,6,6,6,6,5,5,5,2,2,3,3,3,4,5,6,6,6,6,6,5,5,5,44543
125,4,5,5,5,4,3,3,1,2,2,1,1,6,5,5,5,4,5,6,5,6,6,5,5,4,3,2,2,0,,5,5,5,4,4,4,6,5,5,5,4,4,4,3,3,1,1,2,3,2,2,5,4,4,6,5,6,3,3,3,1,J.L.,5,5,0,3,2,2,3,1,1,3,2,2,5,5,5,5,5,5,6,6,4,6,6,6,3,3,3,4,3,3,4,4,4,3,3,3,6,5,5,5,4,4,4,4,4,1,,,2,2,2,4,4,4,6,5,5,6,5,5,44494
126,4,4,4,4,3,3,4,4,3,2,1,0,5,5,5,6,6,6,6,6,6,6,6,5,5,5,4,3,2,2,4,4,3,5,5,5,6,6,6,5,5,6,5,5,4,1,2,1,2,2,2,4,4,4,5,6,6,4,4,3,1,AP,5,4,4,5,5,3,4,2,1,3,3,1,6,6,5,6,6,6,6,6,6,6,6,6,5,5,4,3,2,2,4,4,3,5,5,5,6,6,6,6,5,6,5,5,5,2,1,1,3,3,3,5,5,5,6,5,6,5,5,6,43203
127,3,3,3,2,2,3,4,4,4,3,3,3,5,5,5,5,5,5,6,6,6,6,6,6,5,5,5,3,3,3,4,4,4,4,4,4,6,6,6,5,5,5,4,4,4,2,1,1,3,3,3,4,4,4,6,5,5,6,6,6,1,BH,4,4,4,2,0,0,3,1,1,3,2,2,4,6,6,5,4,4,6,6,6,6,6,6,5,4,4,3,1,1,5,3,3,4,3,3,6,6,6,6,5,5,5,4,5,1,1,1,2,1,1,3,2,2,5,4,4,5,4,5,42697
128,3,3,2,2,2,1,3,2,1,3,3,1,4,4,4,4,4,4,6,6,6,6,5,6,5,4,5,3,3,3,4,4,4,3,3,3,6,5,6,5,6,4,4,3,4,2,1,0,3,2,2,4,4,3,5,6,3,3,2,1,1,M D,4,5,3,4,4,3,4,4,3,4,4,4,5,6,4,5,6,4,6,5,4,6,5,4,5,5,4,4,4,3,5,4,4,4,3,3,5,5,4,5,5,6,3,3,2,2,2,3,3,3,3,4,4,3,5,5,4,3,2,2,44455
129,3,2,3,4,4,1,4,5,2,3,4,1,5,5,3,6,6,2,6,6,3,6,6,3,5,5,1,4,5,2,4,5,2,5,4,1,5,5,2,4,5,1,5,5,2,3,3,0,4,4,2,5,3,2,5,3,2,5,5,1,1,CR,4,5,1,5,5,1,5,5,1,4,4,1,5,5,1,5,6,1,6,6,1,6,6,1,5,5,1,5,5,1,5,6,1,5,5,1,6,6,1,5,5,1,5,5,1,4,4,1,4,4,1,5,5,1,6,6,1,5,5,1,41285
130,6,3,1,5,,,6,6,6,6,6,1,6,6,3,6,6,6,6,6,6,6,6,6,6,6,3,6,5,3,6,4,4,6,2,5,6,4,3,6,5,2,6,6,6,6,6,,6,6,6,6,4,5,6,5,4,6,5,3,1,BP,6,6,,4,4,3,6,6,2,6,6,6,6,6,6,6,6,6,6,6,,6,6,6,6,6,,6,1,,6,6,,4,5,6,6,6,2,6,6,6,3,6,4,5,6,6,6,3,6,6,4,6,6,2,6,1,,,44855
131,4,5,5,4,5,3,4,5,4,4,4,2,6,6,6,6,6,6,6,6,6,6,6,6,6,6,6,6,6,4,6,6,5,5,5,5,6,6,6,6,6,5,6,6,5,5,5,4,5,5,4,6,6,6,6,6,6,4,5,4,1,KE,4,5,4,4,4,3,4,4,3,4,4,3,6,6,6,6,6,6,6,6,6,6,6,6,6,6,5,6,6,4,5,6,4,5,5,5,6,6,6,6,6,5,6,6,5,5,5,3,5,6,4,6,6,6,6,6,6,5,5,3,40870
132,2,1,1,1,1,,3,2,2,1,1,1,6,5,5,6,5,5,6,6,6,6,6,6,5,4,4,1,1,1,1,1,1,1,1,1,6,6,6,5,5,5,3,3,3,3,3,3,3,3,3,6,6,6,6,6,6,1,1,1,1,KV,6,6,6,6,6,6,6,6,6,6,6,6,6,6,6,6,6,6,6,6,6,6,6,6,6,6,6,6,6,6,6,6,6,6,6,6,6,6,6,6,6,6,6,6,6,6,6,6,6,6,6,6,6,6,6,6,6,6,6,6,43563
133,1,,,,,,,,,,,,,,,,,,,,,,,,,,,1,,,,,,,,,,,,,,,,,,,,,,,,,,,,,,,,,1,PK,5,6,6,4,6,6,4,3,3,4,2,1,5,6,4,6,4,1,6,3,2,6,4,3,4,1,1,3,,,6,6,1,4,2,2,6,,,6,6,3,3,1,3,,,,3,,,6,6,6,6,6,6,5,3,3,43569
134,4,4,4,4,4,4,4,4,4,4,4,4,4,4,4,5,5,5,6,6,6,6,6,6,6,6,6,5,6,6,6,6,6,6,6,6,6,6,6,6,6,6,6,6,6,5,5,5,6,6,6,6,6,6,6,6,6,6,6,6,1,NS,6,6,6,6,6,6,6,6,6,6,6,6,6,6,6,6,6,6,6,6,6,6,6,6,6,6,6,6,6,6,6,6,6,6,6,6,6,6,6,6,6,6,6,6,6,6,6,6,6,6,6,6,6,6,6,6,6,6,6,6,45008
135,5,5,4,5,,2,5,5,5,5,5,5,6,6,6,6,6,6,6,6,6,6,6,6,4,4,3,4,2,2,5,4,4,4,3,3,6,6,6,6,6,6,5,4,4,4,2,1,4,3,3,5,4,4,5,5,5,4,3,3,1,DR,5,5,5,5,5,5,5,5,5,5,5,5,6,6,6,6,6,6,6,6,6,6,6,6,5,5,5,4,3,3,6,5,5,5,4,4,6,6,6,6,6,5,5,5,5,5,5,4,5,5,5,5,5,5,6,6,6,5,4,4,44830
136,5,5,5,5,5,5,6,6,6,6,6,6,6,6,6,6,6,6,6,6,6,6,6,6,6,6,6,4,4,4,5,5,5,5,5,5,6,6,6,6,6,6,4,5,5,2,3,3,4,5,4,6,6,6,6,6,6,6,6,6,1,KR,2,2,2,3,3,3,4,5,4,4,4,4,5,5,5,5,5,5,6,6,6,6,6,6,6,6,6,3,3,3,4,4,4,3,3,3,6,6,6,5,5,5,5,5,5,1,1,1,4,5,5,6,6,6,6,6,6,5,5,5,42116
137,4,4,4,4,,1,5,5,4,5,5,5,6,5,5,6,6,5,6,6,6,6,6,6,6,6,6,4,2,1,6,6,5,6,6,5,6,6,6,5,5,5,6,6,5,4,4,3,5,5,5,5,5,5,6,6,6,3,3,2,1,Georgia ,5,6,,4,2,,5,6,1,5,3,,6,5,3,6,6,2,6,6,6,6,6,6,6,2,,4,3,,6,6,2,6,6,3,6,6,3,6,6,2,6,6,6,5,6,1,6,6,4,6,6,3,6,6,5,6,5,,45021
138,4,5,2,2,2,3,5,4,3,5,3,3,6,5,5,6,3,4,6,3,5,6,3,6,6,3,4,3,1,1,5,6,5,5,5,5,6,5,5,5,3,6,5,4,4,1,2,2,1,2,2,3,2,2,4,3,3,5,4,4,1,MC,1,2,2,3,3,0,3,3,1,2,2,1,3,2,3,4,4,3,6,4,3,6,3,6,5,5,3,1,2,0,5,3,2,4,4,4,6,3,1,5,6,4,4,4,2,1,1,1,2,2,1,3,3,4,6,3,5,5,3,1,44542
139,6,6,2,6,3,4,3,3,2,3,6,2,6,6,4,6,,0,6,,6,6,3,6,6,6,1,6,5,,3,3,3,4,2,3,6,6,2,6,6,,6,5,3,6,2,,6,2,3,6,,,6,,,6,,,1,BB,5,6,0,5,5,0,6,6,,3,6,,6,6,,6,5,,6,6,4,6,5,5,6,6,1,3,6,0,6,6,1,6,6,1,6,3,1,6,6,,6,6,0,6,6,1,6,6,2,6,6,4,6,6,6,6,6,3,44547
140,5,6,6,4,4,4,5,5,5,5,5,5,5,5,5,6,6,6,6,6,6,6,6,6,6,6,6,6,5,5,3,3,3,4,4,4,6,6,6,6,6,6,4,4,4,3,3,3,3,3,3,5,4,4,6,5,5,4,4,4,1,JBP,4,6,6,5,6,6,4,6,6,4,6,6,5,6,6,5,6,6,6,6,6,6,6,6,6,6,6,5,6,6,5,6,6,5,6,6,6,6,6,6,6,6,5,6,6,3,3,3,5,5,5,5,5,5,5,5,5,5,6,6,44585
141,3,2,4,,0,,2,,2,2,,5,3,,2,6,5,5,6,6,6,6,6,6,6,6,6,5,6,4,3,4,2,4,4,4,6,6,5,1,1,1,3,3,4,,,,2,,,4,,,5,,,2,,,1,LL,4,5,5,6,4,4,5,5,5,4,5,5,6,6,6,6,6,6,6,6,6,6,6,6,5,6,6,5,6,6,5,6,6,4,5,5,6,6,6,6,6,6,4,5,6,4,5,6,5,6,6,5,6,6,5,6,6,4,5,6,43317
142,3,3,2,2,,2,5,5,2,4,3,2,6,5,1,4,3,1,6,6,6,6,6,6,5,5,3,3,2,1,4,4,4,4,4,3,5,4,3,3,3,3,3,3,2,2,2,1,4,3,3,5,4,4,6,6,6,4,3,2,1,CC,2,2,2,2,2,1,1,1,0,1,1,0,3,3,3,2,2,2,6,6,6,6,6,6,4,4,2,2,2,1,3,2,2,4,4,3,4,4,4,3,3,2,4,4,3,1,1,1,2,2,2,4,4,4,6,6,6,2,2,1,44626
143,3,5,3,3,,2,3,2,1,2,1,1,5,6,4,5,5,3,6,6,6,6,5,4,5,4,3,3,2,2,5,5,4,5,4,4,6,6,5,5,5,5,4,5,6,3,5,4,5,6,6,6,6,6,6,6,6,4,5,4,1,AB,5,5,5,4,4,4,3,5,4,2,3,2,5,6,4,5,5,4,6,5,5,6,5,5,5,5,3,4,5,3,6,6,5,5,5,3,6,6,6,6,5,4,4,5,3,3,5,2,4,4,3,5,5,4,6,6,5,4,5,3,44764
144,2,3,5,2,2,1,4,4,3,2,5,3,6,4,6,5,5,5,6,6,6,6,6,5,5,5,5,4,4,4,4,4,4,4,4,4,6,6,6,5,5,5,5,5,5,3,3,3,5,5,5,6,6,6,6,6,6,4,4,4,1,JH,4,5,5,4,4,3,4,5,2,1,1,1,2,4,4,4,4,5,6,6,6,6,6,6,4,4,5,3,3,3,3,3,4,3,3,4,6,6,6,5,5,5,5,5,5,1,1,1,2,2,2,5,5,6,6,6,6,3,4,3,44573
145,5,6,6,4,3,2,5,4,5,5,5,6,6,6,6,6,6,6,6,6,6,6,6,6,5,5,5,5,5,5,5,5,5,5,5,5,6,6,6,6,6,5,5,5,5,5,5,5,5,5,5,6,6,6,6,6,,6,6,6,1,DT,5,5,5,4,4,3,4,4,4,4,4,4,5,5,5,6,6,6,6,6,6,6,6,6,6,6,6,5,5,5,6,6,6,5,5,5,6,6,6,6,6,6,6,6,6,4,4,4,5,5,5,6,6,6,6,6,6,5,5,5,43010
146,3,2,3,3,2,1,4,4,2,2,2,1,5,5,5,5,5,4,6,6,5,6,6,5,6,6,5,5,5,3,5,4,3,5,5,4,6,6,3,4,4,2,4,4,2,2,1,1,4,4,4,5,5,4,6,5,4,4,3,2,1,DA,4,5,3,4,4,3,5,4,3,3,3,2,5,5,5,6,6,5,6,6,5,6,6,5,6,6,5,5,5,3,5,5,3,5,5,4,6,6,5,5,5,3,4,4,2,2,1,1,4,3,3,5,4,3,6,5,4,4,3,2,44477
147,5,5,3,2,1,1,5,5,4,4,4,4,6,6,6,6,6,6,6,6,6,6,6,6,6,6,5,4,4,4,5,5,4,6,6,6,6,6,6,6,6,5,5,5,5,2,3,2,3,3,3,4,4,4,6,6,6,5,6,6,1,LJS,4,4,4,3,2,1,2,2,2,3,3,3,5,4,4,5,5,5,6,6,6,6,6,6,4,4,4,3,3,3,4,4,4,5,5,5,6,6,6,6,6,6,4,4,4,1,1,1,2,2,2,3,3,4,5,5,6,4,4,4,44767
148,4,6,4,5,4,3,5,6,4,3,6,6,6,5,6,6,5,6,6,6,6,6,6,6,6,6,6,6,6,4,4,3,5,4,3,4,6,6,6,6,6,6,6,6,6,2,6,1,4,6,3,5,6,3,6,6,6,6,6,5,1,KK,3,3,3,4,3,0,3,3,3,2,4,2,4,6,3,6,6,6,6,6,6,6,6,6,3,6,6,4,6,6,4,4,3,3,4,2,6,6,6,6,6,6,5,6,2,1,6,0,4,6,1,6,6,6,6,6,6,5,5,5,44852
149,2,2,2,,2,,5,5,3,5,5,5,6,6,6,6,6,6,6,6,6,6,6,6,6,6,6,5,5,5,6,6,5,6,4,6,6,6,6,6,4,6,6,4,5,6,6,6,6,6,6,6,6,6,6,6,6,6,6,6,1,JCM,1,5,,3,6,1,6,5,4,4,4,4,6,6,6,6,6,6,6,6,6,6,6,6,6,6,6,5,5,3,6,6,6,5,5,5,6,6,6,5,5,4,6,6,5,2,5,6,4,5,6,6,6,6,6,6,6,5,6,4,44991
150,6,6,0,3,3,0,6,5,3,6,4,2,6,6,6,6,6,6,6,6,6,6,6,6,6,4,4,3,1,2,5,3,2,3,1,1,6,3,4,2,1,1,2,1,0,2,0,0,2,1,0,3,2,2,4,2,2,4,2,2,1,HL,5,5,0,4,3,0,5,5,0,5,5,0,5,5,0,6,6,0,6,6,0,6,6,0,3,3,0,2,2,0,4,4,0,6,6,0,6,6,0,4,4,0,4,4,0,1,1,,2,2,0,3,3,0,5,5,0,6,6,0,42679
151,2,2,2,2,2,2,2,2,3,2,3,2,2,2,2,4,3,3,6,6,6,6,6,6,4,4,4,3,2,3,3,2,3,3,3,4,6,6,6,3,2,4,3,2,4,1,1,1,1,1,1,3,3,3,6,6,6,2,3,2,1,ES,4,6,2,2,1,,2,2,2,2,2,2,4,4,3,5,5,4,6,6,6,6,6,6,6,6,4,3,3,3,3,3,2,3,2,3,6,6,6,4,3,3,2,2,3,1,1,1,2,2,2,3,3,3,6,6,6,3,3,2,43948
152,1,3,2,2,1,0,5,4,3,3,2,2,6,5,5,6,5,5,6,6,5,6,6,5,5,3,2,2,0,0,5,5,5,5,5,5,5,4,3,4,4,3,4,4,4,3,3,3,4,4,4,5,5,5,5,5,5,5,5,5,1,EL,2,2,1,4,4,3,3,4,4,2,3,1,5,5,5,5,5,3,6,6,6,6,6,5,5,5,4,2,4,3,5,5,5,5,5,4,5,5,4,5,5,5,5,4,4,4,4,5,5,5,5,6,6,6,6,6,6,5,5,5,44776
153,4,4,3,2,3,2,4,4,3,3,3,3,5,5,5,6,5,5,6,6,6,6,6,6,6,6,6,5,5,5,6,6,6,6,6,6,6,6,6,6,6,6,6,6,6,4,4,4,5,5,5,6,6,6,6,6,6,5,5,5,1,KS,4,5,2,4,3,3,2,3,3,4,4,2,5,5,5,6,5,5,6,6,6,6,6,6,6,5,5,5,5,5,5,5,5,4,4,4,6,6,6,6,6,6,6,6,4,2,2,2,5,5,5,6,6,6,6,6,6,5,5,5,44535
154,6,4,5,6,4,1,6,5,4,4,2,1,6,6,6,6,5,2,6,6,6,6,6,6,6,6,1,5,4,1,6,6,6,6,6,6,6,6,6,6,6,6,6,6,6,4,1,1,5,5,2,6,6,6,6,6,6,6,4,2,1,SH,5,5,6,3,3,,4,4,2,2,2,2,6,6,6,6,6,6,6,6,6,6,6,6,5,2,1,5,2,1,6,6,6,6,6,6,6,6,6,6,6,1,6,6,3,2,1,,6,6,2,6,6,6,6,6,6,5,2,1,40843
155,1,5,1,3,2,1,5,3,4,4,6,2,5,5,5,6,5,5,6,6,6,6,5,5,6,5,3,6,5,1,5,5,3,5,3,4,6,5,5,5,5,3,5,4,5,3,2,3,4,3,5,6,3,5,6,4,5,5,3,5,1,CB,4,4,1,4,4,2,4,5,2,2,5,6,6,1,6,6,5,6,6,6,6,6,5,6,6,4,6,6,4,6,6,2,3,6,4,4,6,5,6,6,4,5,6,5,6,4,2,2,5,1,2,6,2,5,6,1,5,6,4,5,44109
156,4,3,2,2,1,1,3,3,4,2,3,4,5,5,5,6,5,5,6,6,6,6,6,6,6,3,4,2,1,1,4,2,1,3,2,3,6,5,3,2,2,2,2,2,1,3,1,1,3,2,3,5,3,5,6,4,6,4,3,3,1,JA,2,2,2,4,4,4,3,3,3,2,2,2,3,3,3,5,5,5,6,6,6,6,6,6,2,2,2,1,1,1,4,4,4,3,3,4,5,4,4,2,3,3,3,3,4,2,2,2,3,3,3,5,5,6,6,6,6,4,4,2,43215
157,4,5,3,4,,1,6,4,3,5,6,4,6,5,3,6,5,2,6,5,6,6,6,6,6,5,2,4,5,1,4,3,1,4,3,4,6,5,5,4,3,3,5,3,1,2,1,,2,1,,3,2,,5,4,,6,5,1,1,L.D.,2,2,0,4,3,,2,4,,3,2,1,6,4,4,5,6,,6,6,2,6,6,5,6,6,2,4,5,2,4,5,0,5,6,0,6,6,4,5,6,2,4,5,1,1,6,,3,6,1,4,6,1,6,6,3,5,6,2,44568
158,1,2,1,3,1,0,3,4,4,1,1,2,4,3,3,5,5,5,6,5,6,6,5,6,6,5,6,5,4,4,6,5,5,4,4,5,6,5,6,5,5,6,5,5,6,2,3,3,3,4,5,5,4,6,6,5,6,4,5,5,1,NS,1,3,3,3,1,0,4,2,3,1,1,1,5,5,6,5,5,5,6,6,6,6,6,6,6,5,4,4,4,3,5,6,5,5,5,5,6,5,5,6,6,6,5,6,6,2,5,5,3,5,6,5,5,6,6,5,6,5,4,5,44856
159,3,3,2,3,2,1,3,3,3,2,2,1,4,4,3,5,4,4,6,5,5,5,5,4,4,4,3,2,2,1,3,2,2,3,3,3,4,3,3,2,2,1,2,2,1,1,1,1,2,2,3,3,3,4,4,4,5,2,2,2,1,EH,3,4,3,3,3,1,2,2,1,2,2,1,2,2,1,3,3,2,6,5,5,4,4,4,3,3,1,2,2,1,3,3,1,2,2,1,3,3,2,2,2,1,2,2,1,1,1,1,2,2,2,3,3,3,4,4,5,2,2,1,44790
160,5,5,6,3,5,1,5,4,5,5,6,5,6,3,5,6,2,5,6,3,4,6,6,6,6,6,6,3,5,4,4,2,5,4,2,3,6,3,4,6,6,6,5,3,5,3,2,5,4,5,6,6,3,6,6,1,4,5,3,5,1,Mackenzie ,3,6,6,4,5,4,5,5,6,2,3,4,6,6,6,6,5,6,6,4,6,6,6,6,6,6,5,4,5,5,6,6,4,6,5,6,6,5,6,6,6,6,5,6,6,2,5,6,4,4,6,6,4,6,6,1,6,6,3,6,44062
161,6,6,3,5,4,3,6,6,5,5,6,3,6,6,6,6,6,5,6,6,4,6,6,4,6,6,4,5,6,2,6,6,3,6,6,4,6,6,5,6,6,3,6,6,3,5,5,2,6,6,3,6,6,5,6,6,6,5,5,2,1,,5,5,5,5,5,2,6,6,3,5,6,3,6,6,5,6,6,6,6,6,6,6,6,6,6,6,3,5,6,3,6,6,4,5,6,5,6,6,6,6,6,5,5,5,5,5,6,2,5,6,5,6,6,6,6,6,6,5,5,2,44802
162,6,5,5,4,3,3,6,4,4,6,5,5,6,4,4,6,6,6,6,6,6,6,6,6,5,4,4,4,4,4,3,2,2,3,3,3,5,3,3,5,3,3,4,2,2,3,2,2,3,2,2,2,1,1,1,1,1,5,4,4,1,M. P.,5,5,2,4,3,1,6,5,4,6,5,5,6,6,5,6,6,6,6,6,6,6,6,6,6,6,6,5,4,4,5,3,3,4,3,3,6,4,4,6,6,6,5,4,4,2,2,2,2,2,2,5,3,3,6,3,3,5,3,3,44816
163,3,4,2,3,3,2,4,4,3,3,4,3,5,5,4,6,6,4,6,6,6,6,6,6,6,6,5,5,5,3,4,4,3,4,3,2,6,6,4,5,6,5,4,5,2,1,3,,2,2,,3,3,2,5,5,4,5,5,2,1,CS,4,5,2,4,4,1,2,4,2,3,3,2,5,3,4,6,6,6,6,6,6,6,6,6,5,5,4,3,4,4,5,4,5,5,4,5,6,5,6,6,5,6,6,6,6,1,2,,2,3,3,4,3,5,5,3,6,4,3,5,44736
164,4,4,4,3,3,3,4,4,4,4,4,4,5,5,5,5,5,5,6,6,6,6,6,6,5,5,5,3,2,2,5,5,5,5,5,4,6,6,6,5,5,5,4,4,4,3,3,3,4,4,4,6,6,6,6,6,6,4,4,3,1,RD,4,4,4,4,4,3,4,4,2,3,3,1,4,4,4,5,5,4,6,6,6,6,6,6,4,4,3,3,2,1,5,5,3,5,5,4,6,6,6,5,5,4,5,5,4,4,4,2,5,5,4,6,6,6,6,6,6,4,4,3,44523
165,4,5,5,1,0,0,5,5,3,3,2,1,6,6,6,6,6,6,6,6,0,6,6,0,6,6,6,3,1,1,4,4,4,6,6,6,6,6,0,6,6,6,5,5,5,1,0,0,3,3,3,6,5,5,6,4,0,6,5,0,1,JR,3,1,1,5,3,0,2,2,0,2,2,2,6,6,6,6,6,6,6,6,2,6,6,1,6,5,0,3,1,0,5,5,5,5,5,5,6,6,0,6,6,6,5,5,5,1,0,0,3,3,0,6,6,6,6,6,6,4,4,2,44481
166,5,5,4,4,4,3,5,4,,5,5,4,5,5,4,6,6,3,6,6,3,6,6,3,6,6,3,5,5,3,4,4,2,4,4,3,6,6,3,6,6,3,5,5,3,5,5,2,5,5,5,6,6,4,6,6,4,5,5,3,1,EC,5,6,3,5,5,3,4,5,4,4,6,5,5,5,5,6,6,4,6,6,4,6,6,4,5,5,3,5,5,3,5,6,3,5,5,3,6,6,5,6,6,4,6,6,4,4,5,2,5,5,3,6,6,4,6,6,5,6,6,3,44593
167,4,6,6,,,,5,,,5,6,6,6,6,6,6,6,6,6,6,6,6,6,6,6,6,6,4,4,3,4,3,3,,,,6,6,6,5,6,6,5,4,4,6,6,6,6,6,6,6,6,6,6,6,6,4,3,3,1,SH,6,6,6,6,6,6,6,6,6,6,6,6,6,6,6,6,6,6,6,6,6,6,6,6,6,6,6,6,6,6,6,6,6,6,6,6,6,6,6,6,6,6,6,6,6,6,6,6,6,6,,6,6,6,6,6,6,6,6,6,44474
168,5,5,4,3,4,2,2,1,1,1,1,2,5,3,5,4,2,2,5,4,4,6,5,5,6,4,4,5,4,2,2,2,1,4,3,4,6,5,4,5,5,5,5,5,5,2,1,,3,2,1,4,2,1,5,2,2,5,3,3,1,JK,5,6,5,5,5,3,2,1,1,2,2,1,6,5,5,4,4,4,6,6,6,6,6,6,4,4,3,3,1,1,5,6,3,5,5,5,6,6,6,6,6,6,5,5,5,1,,,3,2,2,3,3,3,4,4,4,3,2,2,44853
169,3,4,3,4,2,,4,3,4,3,1,1,6,5,4,5,4,2,6,6,5,6,5,5,5,3,3,3,2,1,4,3,1,4,4,3,6,5,5,5,3,2,4,2,1,4,3,1,5,4,2,5,4,3,6,5,3,5,3,1,1,CM,4,4,3,4,3,2,3,3,3,3,3,2,5,4,5,5,5,5,6,6,6,6,6,6,4,5,5,5,5,5,5,4,3,5,4,3,6,6,5,4,5,5,4,4,3,4,4,2,5,5,3,6,5,5,6,6,6,5,4,3,44077
170,0,3,0,0,3,0,2,2,2,2,2,2,5,5,6,6,6,6,6,6,6,6,6,6,5,5,3,5,1,2,3,3,3,5,5,5,6,6,6,6,6,6,6,6,6,6,6,6,6,6,6,6,6,6,6,6,6,6,6,6,1,KP,6,6,6,0,0,0,0,0,0,0,0,0,5,5,5,5,5,5,6,6,6,6,6,6,6,6,6,4,4,1,6,6,6,6,6,,6,6,6,4,4,4,6,6,6,1,1,1,3,3,3,6,6,6,6,6,6,3,3,5,44729
171,5,5,5,5,5,5,5,5,5,5,5,5,6,5,5,6,5,5,6,5,5,6,5,5,6,5,5,5,5,5,5,5,5,2,1,1,6,6,6,5,5,5,6,6,6,6,6,6,6,6,6,6,6,6,6,6,6,6,6,6,1,JT,5,6,6,5,6,6,5,6,6,5,5,5,5,6,6,6,6,6,6,6,6,6,6,6,6,6,6,5,5,5,5,5,5,6,6,6,6,6,6,6,6,6,6,6,6,5,5,5,5,5,5,6,6,6,6,6,6,5,5,5,44622
172,4,2,0,5,1,0,4,1,0,4,1,0,6,3,3,6,5,5,6,6,6,6,6,6,6,3,0,5,3,3,4,0,0,5,3,3,6,6,6,5,4,3,5,4,3,1,0,0,2,1,1,4,3,3,5,3,2,6,6,6,1,NP,5,6,2,6,6,3,6,5,2,2,1,0,6,6,6,6,6,3,6,6,6,6,6,6,5,5,1,6,6,2,3,2,5,6,1,0,6,6,5,4,1,0,6,5,4,2,1,0,3,1,0,4,3,1,6,4,4,6,6,0,40876
173,5,5,5,5,4,3,5,4,4,5,5,5,6,3,4,6,6,6,6,6,6,6,6,6,6,6,6,5,3,4,6,6,5,6,6,6,6,6,6,6,5,5,6,6,6,4,4,3,5,4,4,6,6,5,6,6,5,5,4,5,1,RW,5,5,2,5,3,2,4,5,4,4,5,3,6,5,4,6,6,5,6,6,6,6,6,6,6,5,6,5,4,2,5,5,3,5,5,4,6,6,4,6,6,4,6,6,4,4,3,3,4,3,4,5,4,5,5,6,5,3,4,3,44480
174,2,3,2,2,2,1,3,2,1,3,3,5,6,6,3,6,4,4,6,3,1,6,5,3,6,3,1,6,3,2,4,4,5,5,4,5,6,4,3,6,4,4,6,5,5,2,4,1,4,4,2,5,4,5,6,4,6,5,5,4,1,GP,3,6,3,4,6,2,2,3,5,2,6,3,6,6,6,6,6,4,6,6,4,6,5,4,5,5,5,6,4,4,3,5,4,6,3,1,6,5,4,5,6,6,4,4,5,3,4,1,4,5,4,5,5,5,6,6,5,6,5,5,43818
175,6,6,6,6,4,6,6,6,6,6,6,6,5,6,6,6,6,6,5,6,5,6,4,6,6,6,6,6,6,6,6,6,6,6,6,6,6,6,6,6,6,6,6,6,6,6,,6,6,6,6,6,6,6,6,6,6,6,6,6,1,Kmh,6,6,6,6,6,6,6,6,6,6,6,6,6,6,6,6,6,6,6,6,6,6,6,6,6,6,6,6,6,6,6,6,6,6,6,6,6,6,6,6,6,6,6,6,6,6,6,6,6,6,6,6,6,6,6,6,6,6,6,6,44848
176,5,4,1,4,4,2,5,4,1,6,5,1,6,5,2,6,6,3,6,6,6,6,6,6,6,5,4,5,3,1,6,6,3,5,5,3,6,6,6,6,6,2,5,5,4,4,2,2,5,4,2,6,5,4,6,6,5,5,5,1,1,IO,5,5,2,6,6,2,4,5,2,6,6,3,6,5,4,6,6,5,6,6,6,6,6,6,6,5,4,4,4,2,5,6,3,4,4,3,6,6,6,6,6,3,6,5,5,5,4,2,5,5,2,6,5,6,6,6,6,5,6,2,44071
177,3,2,2,4,,4,5,5,5,3,3,3,5,5,5,6,6,6,6,6,6,6,6,6,5,5,5,2,2,2,3,3,3,5,5,5,6,6,6,6,6,6,5,4,2,1,,,2,1,,5,3,2,6,5,5,5,4,4,1,DD,6,6,5,5,6,5,6,5,4,5,5,5,6,4,4,6,6,6,6,6,6,6,6,6,6,6,6,4,5,5,5,5,5,5,5,5,6,6,6,6,6,6,5,5,5,3,3,3,3,3,3,6,6,3,6,6,5,5,5,5,43838
178,2,2,1,2,2,2,4,3,4,2,3,3,4,3,3,5,4,5,5,5,5,3,2,3,6,6,6,4,5,5,5,6,6,3,4,3,6,5,6,6,6,6,4,3,4,2,1,2,2,1,2,4,2,4,6,3,5,6,5,6,1,MG,4,3,3,3,3,3,3,4,3,2,2,2,6,6,6,6,6,6,5,5,5,3,3,3,6,6,6,4,3,3,5,5,5,5,5,5,6,5,5,6,5,5,5,5,6,1,1,1,2,2,1,5,3,4,6,5,5,6,5,5,44600
179,5,3,1,1,2,0,4,3,1,3,4,2,5,3,1,3,1,0,6,3,0,6,3,1,4,1,0,4,2,0,2,2,0,1,0,0,5,2,1,4,1,0,3,0,0,1,0,0,3,1,0,4,1,0,6,4,0,4,3,0,1,EAW,2,4,1,1,3,0,4,4,3,3,5,2,5,6,5,6,5,3,6,3,1,6,3,1,5,3,1,4,3,2,5,5,2,5,5,3,6,3,2,4,5,4,4,5,4,1,1,0,3,2,0,4,3,1,5,3,2,3,3,3,44546
180,2,3,3,1,0,0,3,3,3,3,3,3,4,3,3,6,4,3,6,5,4,6,6,4,4,4,4,3,2,2,4,3,2,5,4,3,6,6,4,5,4,4,4,3,3,1,0,0,2,1,1,3,1,0,4,0,0,3,3,1,1,J.Y.,2,2,2,2,1,1,3,3,0,3,3,0,3,3,0,4,4,0,6,6,2,6,6,2,5,5,2,2,2,0,3,3,0,3,3,0,6,6,2,4,4,0,3,3,0,1,1,0,2,2,0,3,2,1,4,2,1,3,3,0,43944
181,5,5,5,4,2,1,5,5,5,5,5,5,6,6,6,6,6,6,6,6,6,6,6,6,6,6,6,4,4,4,5,4,4,5,5,5,6,6,6,5,5,5,6,5,5,2,2,2,4,4,4,5,5,4,6,6,6,5,5,5,1,JH,6,5,5,5,4,4,5,5,5,5,5,5,6,6,6,6,6,6,6,6,6,6,6,6,6,6,6,4,5,5,5,5,5,6,6,5,6,6,6,6,6,6,6,5,5,4,4,4,5,5,5,6,6,6,6,6,6,5,5,5,43562
182,2,5,6,2,3,1,3,2,5,3,5,5,5,6,2,5,6,2,6,6,6,6,6,6,6,6,4,2,1,1,5,1,1,6,6,2,6,6,2,5,5,2,5,2,1,3,2,2,5,4,5,6,6,6,6,6,6,5,2,2,1,H.C-J.,4,6,6,3,2,2,6,6,5,4,5,4,6,6,6,6,6,6,6,6,6,6,6,6,6,6,6,3,4,2,5,6,6,5,5,4,6,6,6,6,6,6,5,6,6,4,6,3,5,6,5,6,6,6,6,6,6,5,5,3,43718
183,5,6,4,5,3,2,5,4,2,6,6,2,6,6,5,6,3,3,6,6,3,6,6,6,6,6,6,6,5,1,6,4,2,5,5,4,6,6,4,6,6,5,6,6,6,4,4,1,5,5,2,5,5,4,6,6,6,6,6,2,1,MO,6,6,1,6,6,0,4,4,2,6,6,2,6,6,5,6,6,5,6,6,5,6,6,6,6,6,5,5,6,6,5,5,6,6,6,6,6,6,6,6,6,6,6,6,6,5,5,6,5,6,6,6,6,6,6,6,6,6,6,6,43819
184,2,3,5,1,0,1,5,3,3,2,6,5,6,2,3,6,3,2,6,5,6,6,5,4,5,5,5,3,2,1,5,3,1,5,5,2,6,2,3,6,4,4,6,3,2,4,5,3,5,4,3,6,1,2,6,1,1,6,1,1,1,JB,2,6,2,2,3,1,3,4,1,2,6,2,5,6,2,5,5,5,6,5,4,6,6,3,4,6,5,2,6,2,5,3,1,4,5,5,6,5,3,6,5,4,5,4,2,2,6,1,5,4,3,6,2,4,6,2,4,4,4,2,44817
185,3,3,3,3,4,3,5,4,4,5,5,5,6,6,6,6,6,6,6,6,6,6,6,6,5,5,5,5,4,4,6,6,6,5,5,5,6,6,6,5,5,5,5,5,5,2,3,3,3,4,3,5,5,5,6,6,6,5,4,4,1,SH,4,4,3,5,5,4,5,6,5,4,5,4,6,6,6,6,6,6,6,6,6,6,6,6,5,5,5,5,5,4,6,6,6,5,5,5,6,6,6,6,6,6,5,5,5,3,4,4,4,5,5,6,6,6,6,6,6,5,6,6,44118
186,3,3,5,3,0,0,4,4,4,4,4,4,6,6,6,6,5,3,6,6,6,6,6,6,6,6,5,5,4,3,3,3,3,3,3,3,5,5,5,5,5,5,3,4,3,4,4,4,5,5,5,6,6,4,6,6,4,5,6,6,1,SV,4,4,5,4,3,2,4,5,4,3,4,5,5,6,6,6,6,6,6,6,6,6,6,6,5,5,4,4,3,3,5,6,5,4,4,4,6,6,6,5,6,6,5,6,6,2,4,4,4,5,6,6,6,6,6,6,6,5,5,5,44741
187,4,3,3,2,2,2,5,4,5,3,2,2,5,4,4,5,4,4,6,6,6,6,5,5,5,3,3,5,3,3,4,3,3,5,4,4,6,6,6,5,4,3,5,4,3,4,4,4,4,4,4,5,6,6,6,6,6,5,5,4,1,SL,5,5,4,4,4,3,4,4,5,3,4,4,5,6,6,6,6,6,6,5,4,6,5,4,5,3,3,4,2,2,5,4,3,5,4,4,6,4,4,5,4,3,6,4,2,3,3,3,3,3,3,5,5,5,6,5,5,5,5,4,43642
188,2,1,0,3,1,0,5,2,1,3,1,0,6,3,2,6,4,2,6,4,1,6,4,1,5,2,0,4,1,0,5,2,1,5,2,1,6,4,2,5,2,1,4,2,1,2,1,0,3,2,0,5,3,2,6,4,3,5,2,1,1,LC,3,2,0,4,2,0,4,2,0,2,4,2,5,3,2,6,5,3,6,5,2,6,5,2,5,4,0,3,1,0,4,2,1,5,3,2,5,4,2,5,3,1,4,3,1,3,2,0,4,2,1,5,3,3,6,5,4,4,2,0,44811
189,4,3,1,4,4,1,6,3,2,5,4,1,6,3,2,6,3,2,6,6,3,6,6,3,4,3,1,3,2,1,5,4,2,4,2,1,6,6,3,5,4,1,3,2,1,2,2,1,3,2,1,3,2,1,4,4,2,4,4,2,1,MW,3,3,1,5,5,2,3,3,1,4,3,1,5,5,3,5,4,2,6,6,4,6,6,4,4,3,1,3,2,1,4,4,1,4,4,2,6,6,2,6,6,2,4,4,2,2,2,1,3,3,1,4,4,2,5,5,3,4,4,1,44575
190,2,4,5,,4,1,4,2,3,,,,5,1,0,6,3,1,6,,,2,,,6,5,3,2,,,2,,,1,,,3,1,4,1,,,,,,5,,,6,,,6,2,0,6,3,,5,1,1,1,SK,3,4,2,6,2,6,2,,,0,,,6,6,5,6,1,2,6,,,2,,,6,3,1,2,1,1,2,1,0,1,,,3,3,3,1,3,3,1,,,1,,,3,1,1,6,6,2,6,6,2,3,1,1,44823
191,6,6,6,5,,,5,4,4,5,4,5,4,4,4,5,5,4,4,4,5,4,5,4,5,4,5,4,4,5,5,4,4,6,4,6,5,4,5,4,5,4,5,4,5,4,5,4,5,4,5,6,3,4,6,4,5,5,5,4,1,At,6,6,5,6,6,4,6,6,2,6,6,3,6,5,5,5,5,5,6,5,5,6,5,5,6,6,4,5,5,4,5,4,5,6,4,5,6,5,4,5,4,5,5,4,4,1,1,1,3,3,3,4,4,3,5,4,3,5,3,3,43889
192,3,4,3,4,,2,4,3,2,3,3,3,6,4,6,6,4,6,6,5,6,6,5,5,4,5,2,4,4,2,4,5,3,4,4,5,6,5,5,5,4,3,4,4,3,4,4,3,4,3,4,5,3,5,6,5,6,5,4,4,1,JB,3,5,5,4,4,4,3,3,4,3,4,3,6,6,6,6,6,6,6,6,6,6,6,6,4,4,3,3,3,2,5,5,5,5,4,5,5,5,5,5,5,5,5,5,4,3,4,3,4,4,5,5,3,5,6,3,6,5,3,6,44558
193,2,6,,4,4,,4,5,1,2,4,,5,6,2,5,6,3,6,6,6,6,6,6,5,5,1,2,4,,5,5,2,4,5,4,6,6,5,6,6,2,4,6,2,2,4,,2,4,0,4,5,4,5,4,4,3,3,,1,MH,2,5,,4,6,,2,5,,2,5,,4,6,2,4,5,,6,6,3,6,6,4,2,5,,1,5,,3,6,,4,5,1,5,6,1,4,6,,4,6,,1,4,,2,5,,4,5,1,5,5,2,3,5,,44822
194,5,3,5,3,3,3,6,3,3,6,3,3,6,3,3,6,4,4,6,6,6,6,6,6,6,3,3,6,3,3,6,3,3,6,3,3,6,6,6,6,6,6,6,3,3,3,3,6,3,3,6,3,3,6,5,5,6,6,6,6,1,AP,5,5,3,5,5,3,5,5,3,5,5,3,5,5,3,6,6,3,6,6,3,6,6,3,5,5,3,5,5,3,5,5,3,5,5,3,6,6,3,6,6,3,6,6,3,3,3,3,3,3,3,3,3,3,5,5,3,5,5,5,44783